[
{
   "model": "home.footertext",
   "pk": 1,
   "fields": {
      "address": "\u0443\u043b. \u041c\u0438\u0445\u0430\u0438\u043b\u0430 \u041c\u0430\u043a\u0441\u0438\u043c\u043e\u0432\u0438\u0447\u0430 2",
      "email": "evgenijgncar@gmail.com",
      "phone": "+380 93 160 66 86",
      "formatted_address": "\u0432\u0443\u043b\u0438\u0446\u044f \u041c\u0438\u0445\u0430\u0439\u043b\u0430 \u041c\u0430\u043a\u0441\u0438\u043c\u043e\u0432\u0438\u0447\u0430, 2, \u041a\u0438\u0457\u0432, \u0423\u043a\u0440\u0430\u0438\u043d\u0430, 02000"
   }
},
{
   "model": "home.formfield",
   "pk": 1,
   "fields": {
      "sort_order": 0,
      "label": "\u0412\u0430\u0448\u0435 \u0438\u043c\u044f",
      "field_type": "singleline",
      "required": true,
      "choices": "",
      "default_value": "",
      "help_text": "",
      "page": 11
   }
},
{
   "model": "home.formfield",
   "pk": 2,
   "fields": {
      "sort_order": 1,
      "label": "\u0412\u0430\u0448 \u0442\u0435\u043b\u0435\u0444\u043e\u043d",
      "field_type": "singleline",
      "required": true,
      "choices": "",
      "default_value": "",
      "help_text": "",
      "page": 11
   }
},
{
   "model": "home.formfield",
   "pk": 3,
   "fields": {
      "sort_order": 2,
      "label": "\u0412\u0430\u0448 email",
      "field_type": "email",
      "required": true,
      "choices": "",
      "default_value": "",
      "help_text": "",
      "page": 11
   }
},
{
   "model": "home.formfield",
   "pk": 4,
   "fields": {
      "sort_order": 3,
      "label": "\u0421\u043e\u043e\u0431\u0449\u0435\u043d\u0438\u0435 \u0438\u043b\u0438 \u0432\u043e\u043f\u0440\u043e\u0441",
      "field_type": "multiline",
      "required": false,
      "choices": "",
      "default_value": "",
      "help_text": "",
      "page": 11
   }
},
{
   "model": "wagtailforms.formsubmission",
   "pk": 1,
   "fields": {
      "form_data": "{\"vashe-imia\": \"\\u0434\\u043c\\u0438\\u0442\\u0440\\u0438\\u0439\", \"vash-telefon\": \"0994414027\", \"vash-email\": \"meleshkodim2000@gmail.com\", \"soobshchenie-ili-vopros\": \"\\u0435\\u0443\\u043a\\u0443\"}",
      "page": 11,
      "submit_time": "2019-11-17T20:45:18.433Z"
   }
},
{
   "model": "wagtailforms.formsubmission",
   "pk": 2,
   "fields": {
      "form_data": "{\"vashe-imia\": \"\\u0434\\u043c\\u0438\\u0442\\u0440\\u0438\\u0439\", \"vash-telefon\": \"0994414027\", \"vash-email\": \"meleshkodim2000@gmail.com\", \"soobshchenie-ili-vopros\": \"\\u0435\\u0443\\u043a\\u0443\"}",
      "page": 11,
      "submit_time": "2019-11-17T20:47:04.621Z"
   }
},
{
   "model": "wagtailforms.formsubmission",
   "pk": 3,
   "fields": {
      "form_data": "{\"vashe-imia\": \"\\u0434\\u043c\\u0438\\u0442\\u0440\\u0438\\u0439\", \"vash-telefon\": \"0994414027\", \"vash-email\": \"meleshkodim2000@gmail.com\", \"soobshchenie-ili-vopros\": \"jhtreawedgfdse terw\"}",
      "page": 11,
      "submit_time": "2019-11-18T07:55:25.062Z"
   }
},
{
   "model": "wagtailforms.formsubmission",
   "pk": 4,
   "fields": {
      "form_data": "{\"vashe-imia\": \"\\u0434\\u043c\\u0438\\u0442\\u0440\\u0438\\u0439\", \"vash-telefon\": \"0994414027\", \"vash-email\": \"meleshkodim2000@gmail.com\", \"soobshchenie-ili-vopros\": \"jhtreawedgfdse terw\"}",
      "page": 11,
      "submit_time": "2019-11-18T10:32:37.024Z"
   }
},
{
   "model": "wagtailforms.formsubmission",
   "pk": 5,
   "fields": {
      "form_data": "{\"vashe-imia\": \"\\u0434\\u043c\\u0438\\u0442\\u0440\\u0438\\u0439\", \"vash-telefon\": \"0994414027\", \"vash-email\": \"meleshkodim2000@gmail.com\", \"soobshchenie-ili-vopros\": \",n nkm\"}",
      "page": 11,
      "submit_time": "2019-11-18T13:51:52.501Z"
   }
},
{
   "model": "wagtailforms.formsubmission",
   "pk": 6,
   "fields": {
      "form_data": "{\"vashe-imia\": \"\\u0434\\u043c\\u0438\\u0442\\u0440\\u0438\\u0439\", \"vash-telefon\": \"0994414027\", \"vash-email\": \"meleshkodim2000@gmail.com\", \"soobshchenie-ili-vopros\": \",n nkm\"}",
      "page": 11,
      "submit_time": "2019-11-18T14:02:43.229Z"
   }
},
{
   "model": "wagtailforms.formsubmission",
   "pk": 7,
   "fields": {
      "form_data": "{\"vashe-imia\": \"\\u0434\\u043c\\u0438\\u0442\\u0440\\u0438\\u0439\", \"vash-telefon\": \"0994414027\", \"vash-email\": \"meleshkodim2000@gmail.com\", \"soobshchenie-ili-vopros\": \"smtp\"}",
      "page": 11,
      "submit_time": "2019-11-18T14:17:37.093Z"
   }
},
{
   "model": "wagtailforms.formsubmission",
   "pk": 8,
   "fields": {
      "form_data": "{\"vashe-imia\": \"\\u0434\\u043c\\u0438\\u0442\\u0440\\u0438\\u0439\", \"vash-telefon\": \"0994414027\", \"vash-email\": \"meleshkodim2000@gmail.com\", \"soobshchenie-ili-vopros\": \"smtp1\"}",
      "page": 11,
      "submit_time": "2019-11-18T14:19:36.593Z"
   }
},
{
   "model": "wagtailforms.formsubmission",
   "pk": 9,
   "fields": {
      "form_data": "{\"vashe-imia\": \"\\u0434\\u043c\\u0438\\u0442\\u0440\\u0438\\u0439\", \"vash-telefon\": \"0994414027\", \"vash-email\": \"meleshkodim2000@gmail.com\", \"soobshchenie-ili-vopros\": \"smtp1\"}",
      "page": 11,
      "submit_time": "2019-11-18T14:21:42.327Z"
   }
},
{
   "model": "wagtailforms.formsubmission",
   "pk": 10,
   "fields": {
      "form_data": "{\"vashe-imia\": \"\\u0434\\u043c\\u0438\\u0442\\u0440\\u0438\\u0439\", \"vash-telefon\": \"0994414027\", \"vash-email\": \"meleshkodim2000@gmail.com\", \"soobshchenie-ili-vopros\": \"smtp1\"}",
      "page": 11,
      "submit_time": "2019-11-18T14:22:35.290Z"
   }
},
{
   "model": "wagtailforms.formsubmission",
   "pk": 11,
   "fields": {
      "form_data": "{\"vashe-imia\": \"\\u0434\\u043c\\u0438\\u0442\\u0440\\u0438\\u0439\", \"vash-telefon\": \"0994414027\", \"vash-email\": \"meleshkodim2000@gmail.com\", \"soobshchenie-ili-vopros\": \"preved\"}",
      "page": 11,
      "submit_time": "2019-11-18T14:23:36.637Z"
   }
},
{
   "model": "wagtailforms.formsubmission",
   "pk": 12,
   "fields": {
      "form_data": "{\"vashe-imia\": \"\\u0434\\u043c\\u0438\\u0442\\u0440\\u0438\\u0439\", \"vash-telefon\": \"0994414027\", \"vash-email\": \"meleshkodim2000@gmail.com\", \"soobshchenie-ili-vopros\": \"e\"}",
      "page": 11,
      "submit_time": "2019-11-18T14:26:08.693Z"
   }
},
{
   "model": "wagtailforms.formsubmission",
   "pk": 13,
   "fields": {
      "form_data": "{\"vashe-imia\": \"\\u0434\\u043c\\u0438\\u0442\\u0440\\u0438\\u0439\", \"vash-telefon\": \"0994414027\", \"vash-email\": \"meleshkodim2000@gmail.com\", \"soobshchenie-ili-vopros\": \"32\\u0443\\u0443 \\u0443\\u0443\"}",
      "page": 11,
      "submit_time": "2019-11-18T14:28:31.655Z"
   }
},
{
   "model": "wagtailforms.formsubmission",
   "pk": 14,
   "fields": {
      "form_data": "{\"vashe-imia\": \"\\u0434\\u043c\\u0438\\u0442\\u0440\\u0438\\u0439\", \"vash-telefon\": \"0994414027\", \"vash-email\": \"meleshkodim2000@gmail.com\", \"soobshchenie-ili-vopros\": \"test message\"}",
      "page": 11,
      "submit_time": "2019-11-18T14:32:31.968Z"
   }
},
{
   "model": "wagtailforms.formsubmission",
   "pk": 15,
   "fields": {
      "form_data": "{\"vashe-imia\": \"\\u0434\\u043c\\u0438\\u0442\\u0440\\u0438\\u0439\", \"vash-telefon\": \"0994414027\", \"vash-email\": \"meleshkodim2000@gmail.com\", \"soobshchenie-ili-vopros\": \"test message\"}",
      "page": 11,
      "submit_time": "2019-11-18T15:07:05.435Z"
   }
},
{
   "model": "wagtailforms.formsubmission",
   "pk": 16,
   "fields": {
      "form_data": "{\"vashe-imia\": \"\\u0434\\u043c\\u0438\\u0442\\u0440\\u0438\\u0439\", \"vash-telefon\": \"0994414027\", \"vash-email\": \"meleshkodim2000@gmail.com\", \"soobshchenie-ili-vopros\": \"test message 123\"}",
      "page": 11,
      "submit_time": "2019-11-18T15:07:20.196Z"
   }
},
{
   "model": "wagtailforms.formsubmission",
   "pk": 17,
   "fields": {
      "form_data": "{\"vashe-imia\": \"Olya\", \"vash-telefon\": \"0994414023\", \"vash-email\": \"meleshkodim2000@gmail.com\", \"soobshchenie-ili-vopros\": \"test message 123 another one\"}",
      "page": 11,
      "submit_time": "2019-11-18T15:09:24.932Z"
   }
},
{
   "model": "wagtailforms.formsubmission",
   "pk": 18,
   "fields": {
      "form_data": "{\"vashe-imia\": \"Olya\", \"vash-telefon\": \"0994413251\", \"vash-email\": \"meleshkodim2000@gmail.com\", \"soobshchenie-ili-vopros\": \"test message 123 another one\"}",
      "page": 11,
      "submit_time": "2019-11-18T15:16:43.606Z"
   }
},
{
   "model": "wagtailforms.formsubmission",
   "pk": 19,
   "fields": {
      "form_data": "{\"vashe-imia\": \"Olya\", \"vash-telefon\": \"0994413251\", \"vash-email\": \"meleshkodim2000@gmail.com\", \"soobshchenie-ili-vopros\": \"test message 123 another one\"}",
      "page": 11,
      "submit_time": "2019-11-18T15:17:20.750Z"
   }
},
{
   "model": "wagtailforms.formsubmission",
   "pk": 20,
   "fields": {
      "form_data": "{\"vashe-imia\": \"Olya\", \"vash-telefon\": \"0994413251\", \"vash-email\": \"meleshkodim2000@gmail.com\", \"soobshchenie-ili-vopros\": \"test message 123 another one\"}",
      "page": 11,
      "submit_time": "2019-11-18T15:17:25.814Z"
   }
},
{
   "model": "wagtailforms.formsubmission",
   "pk": 21,
   "fields": {
      "form_data": "{\"vashe-imia\": \"Olya\", \"vash-telefon\": \"0994413251\", \"vash-email\": \"meleshkodim2000@gmail.com\", \"soobshchenie-ili-vopros\": \"test message 123 another one\"}",
      "page": 11,
      "submit_time": "2019-11-18T15:17:43.807Z"
   }
},
{
   "model": "wagtailforms.formsubmission",
   "pk": 22,
   "fields": {
      "form_data": "{\"vashe-imia\": \"Olya\", \"vash-telefon\": \"0994413251\", \"vash-email\": \"meleshkodim2000@gmail.com\", \"soobshchenie-ili-vopros\": \"test message 123 another one\"}",
      "page": 11,
      "submit_time": "2019-11-18T15:17:45.538Z"
   }
},
{
   "model": "wagtailforms.formsubmission",
   "pk": 23,
   "fields": {
      "form_data": "{\"vashe-imia\": \"Olya\", \"vash-telefon\": \"0994413251\", \"vash-email\": \"meleshkodim2000@gmail.com\", \"soobshchenie-ili-vopros\": \"test message 123 another one\"}",
      "page": 11,
      "submit_time": "2019-11-18T15:17:45.742Z"
   }
},
{
   "model": "wagtailforms.formsubmission",
   "pk": 24,
   "fields": {
      "form_data": "{\"vashe-imia\": \"Olya\", \"vash-telefon\": \"0994413251\", \"vash-email\": \"meleshkodim2000@gmail.com\", \"soobshchenie-ili-vopros\": \"test message 123 another one\"}",
      "page": 11,
      "submit_time": "2019-11-18T15:17:46.263Z"
   }
},
{
   "model": "wagtailforms.formsubmission",
   "pk": 25,
   "fields": {
      "form_data": "{\"vashe-imia\": \"Olya\", \"vash-telefon\": \"0994413251\", \"vash-email\": \"meleshkodim2000@gmail.com\", \"soobshchenie-ili-vopros\": \"test message 123 another one\"}",
      "page": 11,
      "submit_time": "2019-11-18T15:17:46.817Z"
   }
},
{
   "model": "wagtailforms.formsubmission",
   "pk": 26,
   "fields": {
      "form_data": "{\"vashe-imia\": \"Olya\", \"vash-telefon\": \"0994413251\", \"vash-email\": \"meleshkodim2000@gmail.com\", \"soobshchenie-ili-vopros\": \"test message 123 another one\"}",
      "page": 11,
      "submit_time": "2019-11-18T15:17:47.065Z"
   }
},
{
   "model": "wagtailforms.formsubmission",
   "pk": 27,
   "fields": {
      "form_data": "{\"vashe-imia\": \"Olya\", \"vash-telefon\": \"0994413251\", \"vash-email\": \"meleshkodim2000@gmail.com\", \"soobshchenie-ili-vopros\": \"test message 123 another one\"}",
      "page": 11,
      "submit_time": "2019-11-18T15:17:47.278Z"
   }
},
{
   "model": "wagtailforms.formsubmission",
   "pk": 28,
   "fields": {
      "form_data": "{\"vashe-imia\": \"Olya\", \"vash-telefon\": \"0994413251\", \"vash-email\": \"meleshkodim2000@gmail.com\", \"soobshchenie-ili-vopros\": \"test message 123 another one\"}",
      "page": 11,
      "submit_time": "2019-11-18T15:17:47.462Z"
   }
},
{
   "model": "wagtailforms.formsubmission",
   "pk": 29,
   "fields": {
      "form_data": "{\"vashe-imia\": \"Olya\", \"vash-telefon\": \"0994413251\", \"vash-email\": \"meleshkodim2000@gmail.com\", \"soobshchenie-ili-vopros\": \"test message 123 another one\"}",
      "page": 11,
      "submit_time": "2019-11-18T15:17:48.888Z"
   }
},
{
   "model": "wagtailforms.formsubmission",
   "pk": 30,
   "fields": {
      "form_data": "{\"vashe-imia\": \"\\u0411\\u043e\\u0433\\u0434\\u0430\\u043d\", \"vash-telefon\": \"0969859345\", \"vash-email\": \"meleshkodim@mail.ru\", \"soobshchenie-ili-vopros\": \"\\u0422\\u0430\\u043a \\u0447\\u0442\\u043e \\u0435\\u0441\\u043b\\u0438 \\u0432\\u044b \\u0438\\u0449\\u0435\\u0442\\u0435 \\u043a\\u0430\\u043a\\u043e\\u0439-\\u0442\\u043e \\u0431\\u043e\\u043b\\u044c\\u0448\\u043e\\u0439 \\u043c\\u0430\\u0433\\u0430\\u0437\\u0438\\u043d \\u043e\\u0444\\u0438\\u0441\\u043d\\u043e\\u0439 \\u043c\\u0435\\u0431\\u0435\\u043b\\u0438 \\u043f\\u043e \\u0434\\u043e\\u0441\\u0442\\u0443\\u043f\\u043d\\u044b\\u043c \\u0446\\u0435\\u043d\\u0430\\u043c, \\u043d\\u0435 \\u0438\\u0449\\u0438\\u0442\\u0435 \\u0434\\u0430\\u043b\\u044c\\u0448\\u0435. \\u0412\\u044b \\u043c\\u043e\\u0436\\u0435\\u0442\\u0435 \\u0437\\u0430\\u043f\\u043e\\u043b\\u043d\\u0438\\u0442\\u044c \\u0432\\u0435\\u0441\\u044c \\u0432\\u0430\\u0448 \\u043e\\u0444\\u0438\\u0441 \\u0432\\u044b\\u0441\\u043e\\u043a\\u043e\\u043a\\u0430\\u0447\\u0435\\u0441\\u0442\\u0432\\u0435\\u043d\\u043d\\u043e\\u0439 \\u043e\\u0444\\u0438\\u0441\\u043d\\u043e\\u0439 \\u043c\\u0435\\u0431\\u0435\\u043b\\u044c\\u044e \\u0443 \\u043d\\u0430\\u0441!\"}",
      "page": 11,
      "submit_time": "2019-11-27T16:34:55.105Z"
   }
},
{
   "model": "wagtailimages.rendition",
   "pk": 1,
   "fields": {
      "filter_spec": "max-165x165",
      "file": "images/apartment-architecture-bookcase.max-165x165.jpg",
      "width": 165,
      "height": 92,
      "focal_point_key": "",
      "image": 1
   }
},
{
   "model": "wagtailimages.rendition",
   "pk": 2,
   "fields": {
      "filter_spec": "max-165x165",
      "file": "images/bookcase-chairs-clean.max-165x165.jpg",
      "width": 165,
      "height": 114,
      "focal_point_key": "",
      "image": 2
   }
},
{
   "model": "wagtailimages.rendition",
   "pk": 3,
   "fields": {
      "filter_spec": "max-165x165",
      "file": "images/chairs-company-coworking.max-165x165.jpg",
      "width": 165,
      "height": 109,
      "focal_point_key": "",
      "image": 3
   }
},
{
   "model": "wagtailimages.rendition",
   "pk": 4,
   "fields": {
      "filter_spec": "max-165x165",
      "file": "images/meka_logo-head.max-165x165.png",
      "width": 165,
      "height": 109,
      "focal_point_key": "",
      "image": 4
   }
},
{
   "model": "wagtailimages.rendition",
   "pk": 5,
   "fields": {
      "filter_spec": "original",
      "file": "images/meka_logo-head.original.png",
      "width": 170,
      "height": 113,
      "focal_point_key": "",
      "image": 4
   }
},
{
   "model": "wagtailimages.rendition",
   "pk": 6,
   "fields": {
      "filter_spec": "max-800x600",
      "file": "images/meka_logo-head.max-800x600.png",
      "width": 170,
      "height": 113,
      "focal_point_key": "",
      "image": 4
   }
},
{
   "model": "wagtailimages.rendition",
   "pk": 7,
   "fields": {
      "filter_spec": "fill-180x140-c100",
      "file": "images/apartment-architecture-bookca.2e16d0ba.fill-180x140-c100.jpg",
      "width": 180,
      "height": 140,
      "focal_point_key": "2e16d0ba",
      "image": 1
   }
},
{
   "model": "wagtailimages.rendition",
   "pk": 8,
   "fields": {
      "filter_spec": "fill-180x140-c100",
      "file": "images/bookcase-chairs-clean.2e16d0ba.fill-180x140-c100.jpg",
      "width": 180,
      "height": 140,
      "focal_point_key": "2e16d0ba",
      "image": 2
   }
},
{
   "model": "wagtailimages.rendition",
   "pk": 9,
   "fields": {
      "filter_spec": "fill-180x140-c100",
      "file": "images/chairs-company-coworking.2e16d0ba.fill-180x140-c100.jpg",
      "width": 180,
      "height": 140,
      "focal_point_key": "2e16d0ba",
      "image": 3
   }
},
{
   "model": "wagtailimages.rendition",
   "pk": 10,
   "fields": {
      "filter_spec": "max-320x200",
      "file": "images/apartment-architecture-bookcase.max-320x200.jpg",
      "width": 320,
      "height": 180,
      "focal_point_key": "",
      "image": 1
   }
},
{
   "model": "wagtailimages.rendition",
   "pk": 11,
   "fields": {
      "filter_spec": "max-320x200",
      "file": "images/bookcase-chairs-clean.max-320x200.jpg",
      "width": 289,
      "height": 200,
      "focal_point_key": "",
      "image": 2
   }
},
{
   "model": "wagtailimages.rendition",
   "pk": 12,
   "fields": {
      "filter_spec": "max-320x200",
      "file": "images/chairs-company-coworking.max-320x200.jpg",
      "width": 302,
      "height": 200,
      "focal_point_key": "",
      "image": 3
   }
},
{
   "model": "wagtailimages.rendition",
   "pk": 13,
   "fields": {
      "filter_spec": "max-1920x1080",
      "file": "images/apartment-architecture-bookcase.max-1920x1080.jpg",
      "width": 1920,
      "height": 1080,
      "focal_point_key": "",
      "image": 1
   }
},
{
   "model": "wagtailimages.rendition",
   "pk": 14,
   "fields": {
      "filter_spec": "max-1920x1080",
      "file": "images/bookcase-chairs-clean.max-1920x1080.jpg",
      "width": 1561,
      "height": 1080,
      "focal_point_key": "",
      "image": 2
   }
},
{
   "model": "wagtailimages.rendition",
   "pk": 15,
   "fields": {
      "filter_spec": "max-1920x1080",
      "file": "images/chairs-company-coworking.max-1920x1080.jpg",
      "width": 1631,
      "height": 1080,
      "focal_point_key": "",
      "image": 3
   }
},
{
   "model": "wagtailimages.rendition",
   "pk": 16,
   "fields": {
      "filter_spec": "max-165x165",
      "file": "images/stand1.max-165x165.jpg",
      "width": 165,
      "height": 114,
      "focal_point_key": "",
      "image": 5
   }
},
{
   "model": "wagtailimages.rendition",
   "pk": 17,
   "fields": {
      "filter_spec": "max-1280x720",
      "file": "images/stand1.max-1280x720.jpg",
      "width": 1041,
      "height": 720,
      "focal_point_key": "",
      "image": 5
   }
},
{
   "model": "wagtailimages.rendition",
   "pk": 18,
   "fields": {
      "filter_spec": "max-165x165",
      "file": "images/home_furniture1.max-165x165.jpg",
      "width": 165,
      "height": 110,
      "focal_point_key": "",
      "image": 6
   }
},
{
   "model": "wagtailimages.rendition",
   "pk": 19,
   "fields": {
      "filter_spec": "max-1280x720",
      "file": "images/home_furniture1.max-1280x720.jpg",
      "width": 1080,
      "height": 720,
      "focal_point_key": "",
      "image": 6
   }
},
{
   "model": "wagtailimages.rendition",
   "pk": 20,
   "fields": {
      "filter_spec": "max-640x480",
      "file": "images/home_furniture1.max-640x480.jpg",
      "width": 640,
      "height": 426,
      "focal_point_key": "",
      "image": 6
   }
},
{
   "model": "wagtailimages.rendition",
   "pk": 21,
   "fields": {
      "filter_spec": "max-165x165",
      "file": "images/about-us1.max-165x165.jpg",
      "width": 165,
      "height": 110,
      "focal_point_key": "",
      "image": 7
   }
},
{
   "model": "wagtailimages.rendition",
   "pk": 22,
   "fields": {
      "filter_spec": "max-165x165",
      "file": "images/for-news.max-165x165.jpg",
      "width": 165,
      "height": 125,
      "focal_point_key": "",
      "image": 8
   }
},
{
   "model": "wagtailimages.rendition",
   "pk": 23,
   "fields": {
      "filter_spec": "max-1920x1080",
      "file": "images/about-us1.max-1920x1080.jpg",
      "width": 1620,
      "height": 1080,
      "focal_point_key": "",
      "image": 7
   }
},
{
   "model": "wagtailimages.rendition",
   "pk": 24,
   "fields": {
      "filter_spec": "max-1920x1080",
      "file": "images/for-news.max-1920x1080.jpg",
      "width": 1156,
      "height": 882,
      "focal_point_key": "",
      "image": 8
   }
},
{
   "model": "wagtailimages.rendition",
   "pk": 25,
   "fields": {
      "filter_spec": "max-800x600",
      "file": "images/about-us1.max-800x600.jpg",
      "width": 800,
      "height": 533,
      "focal_point_key": "",
      "image": 7
   }
},
{
   "model": "wagtailimages.rendition",
   "pk": 26,
   "fields": {
      "filter_spec": "width-800",
      "file": "images/about-us1.width-800.jpg",
      "width": 800,
      "height": 533,
      "focal_point_key": "",
      "image": 7
   }
},
{
   "model": "wagtailimages.rendition",
   "pk": 27,
   "fields": {
      "filter_spec": "max-800x600",
      "file": "images/for-news.max-800x600.jpg",
      "width": 786,
      "height": 600,
      "focal_point_key": "",
      "image": 8
   }
},
{
   "model": "wagtailimages.rendition",
   "pk": 28,
   "fields": {
      "filter_spec": "width-800",
      "file": "images/for-news.width-800.jpg",
      "width": 800,
      "height": 610,
      "focal_point_key": "",
      "image": 8
   }
},
{
   "model": "wagtailimages.rendition",
   "pk": 29,
   "fields": {
      "filter_spec": "max-165x165",
      "file": "images/testovoe.max-165x165.jpg",
      "width": 165,
      "height": 101,
      "focal_point_key": "",
      "image": 9
   }
},
{
   "model": "wagtailimages.rendition",
   "pk": 30,
   "fields": {
      "filter_spec": "max-800x600",
      "file": "images/testovoe.max-800x600.jpg",
      "width": 800,
      "height": 490,
      "focal_point_key": "",
      "image": 9
   }
},
{
   "model": "wagtailimages.rendition",
   "pk": 31,
   "fields": {
      "filter_spec": "width-800",
      "file": "images/testovoe.width-800.jpg",
      "width": 800,
      "height": 490,
      "focal_point_key": "",
      "image": 9
   }
},
{
   "model": "wagtailimages.rendition",
   "pk": 32,
   "fields": {
      "filter_spec": "max-640x480",
      "file": "images/testovoe.max-640x480.jpg",
      "width": 640,
      "height": 392,
      "focal_point_key": "",
      "image": 9
   }
},
{
   "model": "wagtailimages.rendition",
   "pk": 33,
   "fields": {
      "filter_spec": "max-165x165",
      "file": "images/kitchen12.max-165x165.png",
      "width": 165,
      "height": 126,
      "focal_point_key": "",
      "image": 10
   }
},
{
   "model": "wagtailimages.rendition",
   "pk": 34,
   "fields": {
      "filter_spec": "max-640x480",
      "file": "images/kitchen12.max-640x480.png",
      "width": 625,
      "height": 480,
      "focal_point_key": "",
      "image": 10
   }
},
{
   "model": "wagtailimages.rendition",
   "pk": 35,
   "fields": {
      "filter_spec": "max-1280x720",
      "file": "images/kitchen12.max-1280x720.png",
      "width": 938,
      "height": 720,
      "focal_point_key": "",
      "image": 10
   }
},
{
   "model": "wagtailimages.rendition",
   "pk": 36,
   "fields": {
      "filter_spec": "max-165x165",
      "file": "images/robota.max-165x165.jpg",
      "width": 165,
      "height": 108,
      "focal_point_key": "",
      "image": 11
   }
},
{
   "model": "wagtailimages.rendition",
   "pk": 37,
   "fields": {
      "filter_spec": "max-1280x720",
      "file": "images/robota.max-1280x720.jpg",
      "width": 807,
      "height": 531,
      "focal_point_key": "",
      "image": 11
   }
},
{
   "model": "wagtailimages.rendition",
   "pk": 38,
   "fields": {
      "filter_spec": "max-165x165",
      "file": "images/kitchen-2488520_1280.max-165x165.jpg",
      "width": 165,
      "height": 145,
      "focal_point_key": "",
      "image": 12
   }
},
{
   "model": "wagtailimages.rendition",
   "pk": 39,
   "fields": {
      "filter_spec": "max-165x165",
      "file": "images/round-white-wooden-table-and-three-white-cha.max-165x165.jpg",
      "width": 132,
      "height": 165,
      "focal_point_key": "",
      "image": 13
   }
},
{
   "model": "wagtailimages.rendition",
   "pk": 40,
   "fields": {
      "filter_spec": "max-1280x720",
      "file": "images/kitchen-2488520_1280.max-1280x720.jpg",
      "width": 819,
      "height": 720,
      "focal_point_key": "",
      "image": 12
   }
},
{
   "model": "wagtailimages.rendition",
   "pk": 41,
   "fields": {
      "filter_spec": "max-1280x720",
      "file": "images/round-white-wooden-table-and-three-white-ch.max-1280x720.jpg",
      "width": 576,
      "height": 720,
      "focal_point_key": "",
      "image": 13
   }
},
{
   "model": "wagtailimages.rendition",
   "pk": 42,
   "fields": {
      "filter_spec": "max-165x165",
      "file": "images/home-office-1575464_1280.max-165x165.jpg",
      "width": 165,
      "height": 109,
      "focal_point_key": "",
      "image": 14
   }
},
{
   "model": "wagtailimages.rendition",
   "pk": 43,
   "fields": {
      "filter_spec": "max-165x165",
      "file": "images/apartment-architecture-cabinet-chairs-273843.max-165x165.jpg",
      "width": 165,
      "height": 94,
      "focal_point_key": "",
      "image": 15
   }
},
{
   "model": "wagtailimages.rendition",
   "pk": 44,
   "fields": {
      "filter_spec": "max-1280x720",
      "file": "images/home-office-1575464_1280.max-1280x720.jpg",
      "width": 1082,
      "height": 720,
      "focal_point_key": "",
      "image": 14
   }
},
{
   "model": "wagtailimages.rendition",
   "pk": 45,
   "fields": {
      "filter_spec": "max-1280x720",
      "file": "images/for-news.max-1280x720.jpg",
      "width": 943,
      "height": 720,
      "focal_point_key": "",
      "image": 8
   }
},
{
   "model": "wagtailimages.rendition",
   "pk": 46,
   "fields": {
      "filter_spec": "max-1280x720",
      "file": "images/apartment-architecture-cabinet-chairs-27384.max-1280x720.jpg",
      "width": 1255,
      "height": 720,
      "focal_point_key": "",
      "image": 15
   }
},
{
   "model": "wagtailcore.site",
   "pk": 2,
   "fields": {
      "hostname": "localhost",
      "port": 80,
      "site_name": null,
      "root_page": 3,
      "is_default_site": true
   }
},
{
   "model": "wagtailcore.collection",
   "pk": 1,
   "fields": {
      "path": "0001",
      "depth": 1,
      "numchild": 2,
      "name": "Root"
   }
},
{
   "model": "wagtailcore.collection",
   "pk": 2,
   "fields": {
      "path": "00010001",
      "depth": 2,
      "numchild": 0,
      "name": "\u041d\u0430\u0448\u0438 \u0440\u0430\u0431\u043e\u0442\u044b"
   }
},
{
   "model": "wagtailcore.collection",
   "pk": 3,
   "fields": {
      "path": "00010002",
      "depth": 2,
      "numchild": 0,
      "name": "\u0423\u0441\u043b\u0443\u0433\u0438"
   }
},
{
   "model": "contenttypes.contenttype",
   "pk": 1,
   "fields": {
      "app_label": "wagtailcore",
      "model": "page"
   }
},
{
   "model": "contenttypes.contenttype",
   "pk": 2,
   "fields": {
      "app_label": "home",
      "model": "homepage"
   }
},
{
   "model": "contenttypes.contenttype",
   "pk": 3,
   "fields": {
      "app_label": "wagtailadmin",
      "model": "admin"
   }
},
{
   "model": "contenttypes.contenttype",
   "pk": 4,
   "fields": {
      "app_label": "wagtaildocs",
      "model": "document"
   }
},
{
   "model": "contenttypes.contenttype",
   "pk": 5,
   "fields": {
      "app_label": "wagtailimages",
      "model": "image"
   }
},
{
   "model": "contenttypes.contenttype",
   "pk": 6,
   "fields": {
      "app_label": "wagtailforms",
      "model": "formsubmission"
   }
},
{
   "model": "contenttypes.contenttype",
   "pk": 7,
   "fields": {
      "app_label": "wagtailredirects",
      "model": "redirect"
   }
},
{
   "model": "contenttypes.contenttype",
   "pk": 8,
   "fields": {
      "app_label": "wagtailembeds",
      "model": "embed"
   }
},
{
   "model": "contenttypes.contenttype",
   "pk": 9,
   "fields": {
      "app_label": "wagtailusers",
      "model": "userprofile"
   }
},
{
   "model": "contenttypes.contenttype",
   "pk": 10,
   "fields": {
      "app_label": "wagtailimages",
      "model": "rendition"
   }
},
{
   "model": "contenttypes.contenttype",
   "pk": 11,
   "fields": {
      "app_label": "wagtailsearch",
      "model": "query"
   }
},
{
   "model": "contenttypes.contenttype",
   "pk": 12,
   "fields": {
      "app_label": "wagtailsearch",
      "model": "querydailyhits"
   }
},
{
   "model": "contenttypes.contenttype",
   "pk": 13,
   "fields": {
      "app_label": "wagtailcore",
      "model": "grouppagepermission"
   }
},
{
   "model": "contenttypes.contenttype",
   "pk": 14,
   "fields": {
      "app_label": "wagtailcore",
      "model": "pagerevision"
   }
},
{
   "model": "contenttypes.contenttype",
   "pk": 15,
   "fields": {
      "app_label": "wagtailcore",
      "model": "pageviewrestriction"
   }
},
{
   "model": "contenttypes.contenttype",
   "pk": 16,
   "fields": {
      "app_label": "wagtailcore",
      "model": "site"
   }
},
{
   "model": "contenttypes.contenttype",
   "pk": 17,
   "fields": {
      "app_label": "wagtailcore",
      "model": "collection"
   }
},
{
   "model": "contenttypes.contenttype",
   "pk": 18,
   "fields": {
      "app_label": "wagtailcore",
      "model": "groupcollectionpermission"
   }
},
{
   "model": "contenttypes.contenttype",
   "pk": 19,
   "fields": {
      "app_label": "wagtailcore",
      "model": "collectionviewrestriction"
   }
},
{
   "model": "contenttypes.contenttype",
   "pk": 20,
   "fields": {
      "app_label": "taggit",
      "model": "tag"
   }
},
{
   "model": "contenttypes.contenttype",
   "pk": 21,
   "fields": {
      "app_label": "taggit",
      "model": "taggeditem"
   }
},
{
   "model": "contenttypes.contenttype",
   "pk": 22,
   "fields": {
      "app_label": "admin",
      "model": "logentry"
   }
},
{
   "model": "contenttypes.contenttype",
   "pk": 23,
   "fields": {
      "app_label": "auth",
      "model": "permission"
   }
},
{
   "model": "contenttypes.contenttype",
   "pk": 24,
   "fields": {
      "app_label": "auth",
      "model": "group"
   }
},
{
   "model": "contenttypes.contenttype",
   "pk": 25,
   "fields": {
      "app_label": "auth",
      "model": "user"
   }
},
{
   "model": "contenttypes.contenttype",
   "pk": 26,
   "fields": {
      "app_label": "contenttypes",
      "model": "contenttype"
   }
},
{
   "model": "contenttypes.contenttype",
   "pk": 27,
   "fields": {
      "app_label": "sessions",
      "model": "session"
   }
},
{
   "model": "contenttypes.contenttype",
   "pk": 28,
   "fields": {
      "app_label": "home",
      "model": "footertext"
   }
},
{
   "model": "contenttypes.contenttype",
   "pk": 29,
   "fields": {
      "app_label": "home",
      "model": "homeslideshow"
   }
},
{
   "model": "contenttypes.contenttype",
   "pk": 30,
   "fields": {
      "app_label": "home",
      "model": "homepageslides"
   }
},
{
   "model": "contenttypes.contenttype",
   "pk": 31,
   "fields": {
      "app_label": "home",
      "model": "slide"
   }
},
{
   "model": "contenttypes.contenttype",
   "pk": 32,
   "fields": {
      "app_label": "home",
      "model": "aboutpage"
   }
},
{
   "model": "contenttypes.contenttype",
   "pk": 33,
   "fields": {
      "app_label": "home",
      "model": "servicepage"
   }
},
{
   "model": "contenttypes.contenttype",
   "pk": 34,
   "fields": {
      "app_label": "home",
      "model": "contactpage"
   }
},
{
   "model": "contenttypes.contenttype",
   "pk": 35,
   "fields": {
      "app_label": "home",
      "model": "formfield"
   }
},
{
   "model": "contenttypes.contenttype",
   "pk": 36,
   "fields": {
      "app_label": "blog",
      "model": "blogindexpage"
   }
},
{
   "model": "contenttypes.contenttype",
   "pk": 37,
   "fields": {
      "app_label": "blog",
      "model": "blogpage"
   }
},
{
   "model": "contenttypes.contenttype",
   "pk": 38,
   "fields": {
      "app_label": "works",
      "model": "worksindexpage"
   }
},
{
   "model": "contenttypes.contenttype",
   "pk": 39,
   "fields": {
      "app_label": "works",
      "model": "workpage"
   }
},
{
   "model": "sessions.session",
   "pk": "pjs2cbcuvjd8iqdirawbmaf4ctqpyel1",
   "fields": {
      "session_data": "YjkzZmE2OWM5NzY2MGJiMWMwYjk4MzhkYTMxOTdhMjBmMTY2ZTQzMDp7Il9hdXRoX3VzZXJfaWQiOiIxIiwiX2F1dGhfdXNlcl9iYWNrZW5kIjoiZGphbmdvLmNvbnRyaWIuYXV0aC5iYWNrZW5kcy5Nb2RlbEJhY2tlbmQiLCJfYXV0aF91c2VyX2hhc2giOiJhOGM1ZjczYTQzY2VlMTFjNTc0NGNkZmVmNzcxYjkyMTY2YWVmYzhiIiwid2FndGFpbC1wcmV2aWV3LTkiOlsiY3NyZm1pZGRsZXdhcmV0b2tlbj1xdjViamR5Q1VBOTJPUVhCWnhSZ2lXZ0hUemNUcW03RHZuOGpidDl0TlQ2Q1M4VVk2Y05SMTBRZXlRVU1vaFFBJm5leHQ9JnRpdGxlPSVEMCU5RSslRDAlOUQlRDAlQjAlRDElODEmdGl0bGVfZmllbGQ9JUQwJUE3JUQxJTgyJUQwJUJFKyVEMCVCQyVEMSU4QislRDAlQkYlRDElODAlRDAlQjUlRDAlQjQlRDAlQkIlRDAlQjAlRDAlQjMlRDAlQjAlRDAlQjUlRDAlQkMmbWFpbl90ZXh0PSU3QiUyMmJsb2NrcyUyMiUzQSU1QiU3QiUyMmtleSUyMiUzQSUyMjV1eXBpJTIyJTJDJTIydGV4dCUyMiUzQSUyMiUyMiUyQyUyMnR5cGUlMjIlM0ElMjJ1bnN0eWxlZCUyMiUyQyUyMmRlcHRoJTIyJTNBMCUyQyUyMmlubGluZVN0eWxlUmFuZ2VzJTIyJTNBJTVCJTVEJTJDJTIyZW50aXR5UmFuZ2VzJTIyJTNBJTVCJTVEJTJDJTIyZGF0YSUyMiUzQSU3QiU3RCU3RCUyQyU3QiUyMmtleSUyMiUzQSUyMjcwaW5oJTIyJTJDJTIydGV4dCUyMiUzQSUyMiVEMCU5QyVEMSU4QislRDAlQkYlRDElODAlRDAlQjUlRDAlQjQlRDAlQkUlRDElODElRDElODIlRDAlQjAlRDAlQjIlRDAlQkIlRDElOEYlRDAlQjUlRDAlQkMrJUQxJTgzJUQxJTgxJUQwJUJCJUQxJTgzJUQwJUIzJUQwJUI4KyVEMCVCRiVEMCVCRSslRDAlQkYlRDElODAlRDAlQkUlRDAlQjglRDAlQjclRDAlQjIlRDAlQkUlRDAlQjQlRDElODElRDElODIlRDAlQjIlRDElODMlMkMrJUQwJUI0JUQwJUJFJUQxJTgxJUQxJTgyJUQwJUIwJUQwJUIyJUQwJUJBJUQwJUI1JTJDKyVEMCVCOCslRDAlQkMlRDAlQkUlRDAlQkQlRDElODIlRDAlQjAlRDAlQjYlRDElODMrJUQwJUJDJUQwJUI1JUQwJUIxJUQwJUI1JUQwJUJCJUQwJUI4KyVEMCVCQiVEMSU4RSVEMCVCMSVEMCVCRSVEMCVCOSslRDAlQkElRDAlQkUlRDAlQkQlRDElODQlRDAlQjglRDAlQjMlRDElODMlRDElODAlRDAlQjAlRDElODYlRDAlQjglRDAlQjgrJUQwJUI4KyVEMSU4MSVEMCVCQiVEMCVCRSVEMCVCNiVEMCVCRCVEMCVCRSVEMSU4MSVEMSU4MiVEMCVCOC4rJUQwJTlGJUQwJUJFJUQwJUJCJUQwJUJEJUQwJUJFJUQwJUI1KyVEMCVCMiVEMCVCNSVEMCVCNCVEMCVCNSVEMCVCRCVEMCVCOCVEMCVCNSslRDAlQjglRDAlQkQlRDAlQjQlRDAlQjglRDAlQjIlRDAlQjglRDAlQjQlRDElODMlRDAlQjAlRDAlQkIlRDElOEMlRDAlQkQlRDAlQkUlRDAlQjMlRDAlQkUrJUQwJUJGJUQxJTgwJUQwJUJFJUQwJUI1JUQwJUJBJUQxJTgyJUQwJUIwKyVEMCVCRSVEMSU4MislRDAlQjclRDAlQjAlRDAlQkMlRDAlQjUlRDElODAlRDAlQjArJUQwJUI0JUQwJUJFKyVEMCVCQyVEMCVCRSVEMCVCRCVEMSU4MiVEMCVCMCVEMCVCNiVEMCVCMC4lMjIlMkMlMjJ0eXBlJTIyJTNBJTIydW5zdHlsZWQlMjIlMkMlMjJkZXB0aCUyMiUzQTAlMkMlMjJpbmxpbmVTdHlsZVJhbmdlcyUyMiUzQSU1QiU1RCUyQyUyMmVudGl0eVJhbmdlcyUyMiUzQSU1QiU1RCUyQyUyMmRhdGElMjIlM0ElN0IlN0QlN0QlMkMlN0IlMjJrZXklMjIlM0ElMjJxemF4dyUyMiUyQyUyMnRleHQlMjIlM0ElMjIlRDAlOUUlRDElODElRDAlQkQlRDAlQkUlRDAlQjIlRDAlQkQlRDElOEIlRDAlQjUrJUQwJUJEJUQwJUIwJUQwJUJGJUQxJTgwJUQwJUIwJUQwJUIyJUQwJUJCJUQwJUI1JUQwJUJEJUQwJUI4JUQxJThGKyVEMCVCRCVEMCVCMCVEMSU4OCVEMCVCNSVEMCVCOSslRDAlQjQlRDAlQjUlRDElOEYlRDElODIlRDAlQjUlRDAlQkIlRDElOEMlRDAlQkQlRDAlQkUlRDElODElRDElODIlRDAlQjgrJUUyJTgwJTkzKyVEMSU4RCVEMSU4MiVEMCVCRSslRDAlQjglRDAlQjclRDAlQjMlRDAlQkUlRDElODIlRDAlQkUlRDAlQjIlRDAlQkIlRDAlQjUlRDAlQkQlRDAlQjglRDAlQjUrJUQwJUJDJUQwJUI1JUQwJUIxJUQwJUI1JUQwJUJCJUQwJUI4KyVEMCVCNCVEMCVCQiVEMSU4RislRDAlQjQlRDAlQkUlRDAlQkMlRDAlQjAlM0ErJUQwJUJBJUQxJTgzJUQxJTg1JUQwJUJEJUQwJUI4JTJDKyVEMCVCRiVEMSU4MCVEMCVCOCVEMSU4NSVEMCVCRSVEMCVCNiVEMCVCOCVEMCVCNSUyQyslRDElODElRDAlQkYlRDAlQjAlRDAlQkIlRDElOEMlRDAlQkQlRDAlQjglMkMrJUQwJUIzJUQwJUIwJUQxJTgwJUQwJUI0JUQwJUI1JUQxJTgwJUQwJUJFJUQwJUIxJUQwJUJEJUQxJThCJUQwJUI1JTJDKyVEMCVCMyVEMCVCRSVEMSU4MSVEMSU4MiVEMCVCOCVEMCVCRCVEMSU4QiVEMCVCNSUyQyslRDAlQjIlRDAlQjAlRDAlQkQlRDAlQkQlRDElOEIlRDAlQjUrJUQwJUJBJUQwJUJFJUQwJUJDJUQwJUJEJUQwJUIwJUQxJTgyJUQxJThCJTJDKyVEMCVCNCVEMCVCNSVEMSU4MiVEMSU4MSVEMCVCQSVEMCVCOCVEMCVCNS4rJUQwJUE4JUQwJUJBJUQwJUIwJUQxJTg0JUQxJThCLSVEMCVCQSVEMSU4MyVEMCVCRiVEMCVCNSUyQyslRDElODElRDElODIlRDAlQkUlRDAlQkIlRDAlQjUlRDElODglRDAlQkQlRDAlQjglRDElODYlRDElOEIlMkMrJUQwJUJBJUQwJUJFJUQwJUJDJUQwJUJFJUQwJUI0JUQxJThCJTJDKyVEMCVCQSVEMSU4MCVEMCVCRSVEMCVCMiVEMCVCMCVEMSU4MiVEMCVCOC4rJUQwJTlBJUQwJUJFJUQwJUJDJUQwJUJDJUQwJUI1JUQxJTgwJUQxJTg3JUQwJUI1JUQxJTgxJUQwJUJBJUQwJUIwJUQxJThGKyVEMCVCQyVEMCVCNSVEMCVCMSVEMCVCNSVEMCVCQiVEMSU4QyslRDAlQjQlRDAlQkIlRDElOEYrJUQwJUJDJUQwJUIwJUQwJUIzJUQwJUIwJUQwJUI3JUQwJUI4JUQwJUJEJUQwJUJFJUQwJUIyJTJDKyVEMSU4MCVEMCVCNSVEMSU4MSVEMSU4MiVEMCVCRSVEMSU4MCVEMCVCMCVEMCVCRCVEMCVCRSVEMCVCMiUyQyslRDAlQjMlRDAlQkUlRDElODElRDElODIlRDAlQjglRDAlQkQlRDAlQjglRDElODYuKyVEMCU5RiVEMSU4MCVEMCVCRSVEMCVCOCVEMCVCNyVEMCVCMiVEMCVCRSVEMCVCNCVEMSU4MSVEMSU4MiVEMCVCMiVEMCVCRSslRDAlQkUlRDElODQlRDAlQjglRDElODElRDAlQkQlRDAlQkUlRDAlQjkrJUQwJUJDJUQwJUI1JUQwJUIxJUQwJUI1JUQwJUJCJUQwJUI4LislRDAlQTIlRDAlQjAlRDAlQkElRDAlQjYlRDAlQjUrJUQwJUJDJUQxJThCKyVEMCVCNyVEMCVCMCVEMCVCRCVEMCVCOCVEMCVCQyVEMCVCMCVEMCVCNSVEMCVCQyVEMSU4MSVEMSU4RislRDAlQjglRDAlQjclRDAlQjMlRDAlQkUlRDElODIlRDAlQkUlRDAlQjIlRDAlQkIlRDAlQjUlRDAlQkQlRDAlQjglRDAlQjUlRDAlQkMrJUQxJTgxJUQxJTgyJUQwJUI1JUQwJUJEJUQwJUJFJUQwJUIyJUQxJThCJUQxJTg1KyVEMCVCRiVEMCVCMCVEMCVCRCVEMCVCNSVEMCVCQiVEMCVCNSVEMCVCOSslRDAlQjgrJUQwJUIyJUQxJThCJUQxJTgxJUQxJTgyJUQwJUIwJUQwJUIyJUQwJUJFJUQxJTg3JUQwJUJEJUQxJThCJUQxJTg1KyVEMSU4MSVEMSU4MiVEMCVCNSVEMCVCRCVEMCVCNCVEMCVCRSVEMCVCMi4lMjIlMkMlMjJ0eXBlJTIyJTNBJTIydW5zdHlsZWQlMjIlMkMlMjJkZXB0aCUyMiUzQTAlMkMlMjJpbmxpbmVTdHlsZVJhbmdlcyUyMiUzQSU1QiU1RCUyQyUyMmVudGl0eVJhbmdlcyUyMiUzQSU1QiU1RCUyQyUyMmRhdGElMjIlM0ElN0IlN0QlN0QlMkMlN0IlMjJrZXklMjIlM0ElMjJoMmtsdyUyMiUyQyUyMnRleHQlMjIlM0ElMjIlRDAlOUMlRDElOEIrJUQwJUJGJUQxJTgwJUQwJUI1JUQwJUI0JUQwJUJCJUQwJUIwJUQwJUIzJUQwJUIwJUQwJUI1JUQwJUJDKyVEMCVCOCVEMSU4MSVEMCVCQSVEMCVCQiVEMSU4RSVEMSU4NyVEMCVCOCVEMSU4MiVEMCVCNSVEMCVCQiVEMSU4QyVEMCVCRCVEMCVCRSslRDAlQkElRDAlQjAlRDElODclRDAlQjUlRDElODElRDElODIlRDAlQjIlRDAlQjUlRDAlQkQlRDAlQkQlRDAlQkUlRDAlQjUrJUQwJUJFJUQwJUIxJUQxJTgxJUQwJUJCJUQxJTgzJUQwJUI2JUQwJUI4JUQwJUIyJUQwJUIwJUQwJUJEJUQwJUI4JUQwJUI1KyVEMCVCOCslRDElODElRDAlQkUlRDAlQjIlRDElODAlRDAlQjUlRDAlQkMlRDAlQjUlRDAlQkQlRDAlQkQlRDElOEIlRDAlQjUrJUQxJTgzJUQxJTgxJUQwJUJCJUQxJTgzJUQwJUIzJUQwJUI4LiU1Q24lRDAlOUYlRDElODAlRDAlQkUlRDElODQlRDAlQjUlRDElODElRDElODElRDAlQjglRDAlQkUlRDAlQkQlRDAlQjAlRDAlQkIlRDElOEMlRDAlQkQlRDElOEIlRDAlQjkrJUQwJUJBJUQwJUJFJUQwJUJCJUQwJUJCJUQwJUI1JUQwJUJBJUQxJTgyJUQwJUI4JUQwJUIyKyVEMCU5QyVEMCU5NSVEMCU5QSVEMCU5MCslRDAlQkMlRDAlQjUlRDAlQjElRDAlQjUlRDAlQkIlRDElOEMrJUUyJTgwJTkzKyVEMSU4MSVEMCVCNCVEMCVCNSVEMCVCQiVEMCVCMCVEMCVCNSVEMSU4MislRDAlQjQlRDAlQkIlRDElOEYrJUQwJUIyJUQwJUIwJUQxJTgxKyVEMCVCQSVEMCVCMCVEMSU4NyVEMCVCNSVEMSU4MSVEMSU4MiVEMCVCMiVEMCVCNSVEMCVCRCVEMCVCRCVEMSU4MyVEMSU4RSUyQyslRDElODElRDElODIlRDAlQjglRDAlQkIlRDElOEMlRDAlQkQlRDElODMlRDElOEUrJUQwJUI4KyVEMSU4MyVEMCVCNCVEMCVCRSVEMCVCMSVEMCVCRCVEMSU4MyVEMSU4RSslRDAlQkMlRDAlQjUlRDAlQjElRDAlQjUlRDAlQkIlRDElOEMlMjElMjIlMkMlMjJ0eXBlJTIyJTNBJTIydW5zdHlsZWQlMjIlMkMlMjJkZXB0aCUyMiUzQTAlMkMlMjJpbmxpbmVTdHlsZVJhbmdlcyUyMiUzQSU1QiU1RCUyQyUyMmVudGl0eVJhbmdlcyUyMiUzQSU1QiU1RCUyQyUyMmRhdGElMjIlM0ElN0IlN0QlN0QlMkMlN0IlMjJrZXklMjIlM0ElMjJmdGtkbSUyMiUyQyUyMnRleHQlMjIlM0ElMjIlMjIlMkMlMjJ0eXBlJTIyJTNBJTIydW5zdHlsZWQlMjIlMkMlMjJkZXB0aCUyMiUzQTAlMkMlMjJpbmxpbmVTdHlsZVJhbmdlcyUyMiUzQSU1QiU1RCUyQyUyMmVudGl0eVJhbmdlcyUyMiUzQSU1QiU1RCUyQyUyMmRhdGElMjIlM0ElN0IlN0QlN0QlMkMlN0IlMjJrZXklMjIlM0ElMjIxaDZhdCUyMiUyQyUyMnRleHQlMjIlM0ElMjIrJTIyJTJDJTIydHlwZSUyMiUzQSUyMmF0b21pYyUyMiUyQyUyMmRlcHRoJTIyJTNBMCUyQyUyMmlubGluZVN0eWxlUmFuZ2VzJTIyJTNBJTVCJTVEJTJDJTIyZW50aXR5UmFuZ2VzJTIyJTNBJTVCJTdCJTIyb2Zmc2V0JTIyJTNBMCUyQyUyMmxlbmd0aCUyMiUzQTElMkMlMjJrZXklMjIlM0EwJTdEJTVEJTJDJTIyZGF0YSUyMiUzQSU3QiU3RCU3RCUyQyU3QiUyMmtleSUyMiUzQSUyMjlka2t1JTIyJTJDJTIydGV4dCUyMiUzQSUyMiUyMiUyQyUyMnR5cGUlMjIlM0ElMjJ1bnN0eWxlZCUyMiUyQyUyMmRlcHRoJTIyJTNBMCUyQyUyMmlubGluZVN0eWxlUmFuZ2VzJTIyJTNBJTVCJTVEJTJDJTIyZW50aXR5UmFuZ2VzJTIyJTNBJTVCJTVEJTJDJTIyZGF0YSUyMiUzQSU3QiU3RCU3RCUyQyU3QiUyMmtleSUyMiUzQSUyMmptMno4JTIyJTJDJTIydGV4dCUyMiUzQSUyMiVEMCU5RiVEMSU4MCVEMCVCRSVEMCVCOCVEMCVCNyVEMCVCMiVEMCVCRSVEMCVCNCVEMSU4MSVEMSU4MiVEMCVCMiVEMCVCRSslRDAlQkQlRDAlQjAlRDElODglRDAlQjUlRDAlQjkrJUQwJUJBJUQwJUJFJUQwJUJDJUQwJUJGJUQwJUIwJUQwJUJEJUQwJUI4JUQwJUI4KyVEMCVCRSVEMSU4MSVEMCVCRCVEMCVCMCVEMSU4OSVEMCVCNSVEMCVCRCVEMCVCRSslRDElODIlRDAlQkUlRDAlQkIlRDElOEMlRDAlQkElRDAlQkUrJUQxJTgxJUQwJUJFJUQwJUIyJUQxJTgwJUQwJUI1JUQwJUJDJUQwJUI1JUQwJUJEJUQwJUJEJUQxJThCJUQwJUJDKyVEMCVCRCVEMCVCNSVEMCVCQyVEMCVCNSVEMSU4NiVEMCVCQSVEMCVCOCVEMCVCQyslRDAlQkUlRDAlQjElRDAlQkUlRDElODAlRDElODMlRDAlQjQlRDAlQkUlRDAlQjIlRDAlQjAlRDAlQkQlRDAlQjglRDAlQjUlRDAlQkMuJTIyJTJDJTIydHlwZSUyMiUzQSUyMnVuc3R5bGVkJTIyJTJDJTIyZGVwdGglMjIlM0EwJTJDJTIyaW5saW5lU3R5bGVSYW5nZXMlMjIlM0ElNUIlNUQlMkMlMjJlbnRpdHlSYW5nZXMlMjIlM0ElNUIlNUQlMkMlMjJkYXRhJTIyJTNBJTdCJTdEJTdEJTJDJTdCJTIya2V5JTIyJTNBJTIyeHE3cGElMjIlMkMlMjJ0ZXh0JTIyJTNBJTIyJUQwJTlGJUQxJTgwJUQwJUI4KyVEMCVCOCVEMCVCNyVEMCVCMyVEMCVCRSVEMSU4MiVEMCVCRSVEMCVCMiVEMCVCQiVEMCVCNSVEMCVCRCVEMCVCOCVEMCVCOCslRDAlQkMlRDAlQjUlRDAlQjElRDAlQjUlRDAlQkIlRDAlQjgrJUQwJUI4JUQxJTgxJUQwJUJGJUQwJUJFJUQwJUJCJUQxJThDJUQwJUI3JUQxJTgzJUQxJThFJUQxJTgyJUQxJTgxJUQxJThGKyVEMSU4MiVEMCVCRSVEMCVCQiVEMSU4QyVEMCVCQSVEMCVCRSslRDAlQkIlRDElODMlRDElODclRDElODglRDAlQjglRDAlQjUrJUQwJUJDJUQwJUIwJUQxJTgyJUQwJUI1JUQxJTgwJUQwJUI4JUQwJUIwJUQwJUJCJUQxJThCLislRDAlOUMlRDElOEIrJUQxJTgxKyVEMSU4MCVEMCVCMCVEMCVCNCVEMCVCRSVEMSU4MSVEMSU4MiVEMSU4QyVEMSU4RSslRDAlQkYlRDAlQkUlRDAlQkMlRDAlQkUlRDAlQjYlRDAlQjUlRDAlQkMrJUQwJUIyJUQwJUIwJUQwJUJDKyVEMSU4MSVEMCVCRSVEMCVCNyVEMCVCNCVEMCVCMCVEMSU4MiVEMSU4QyslRDAlQkQlRDAlQjUlRDAlQkYlRDAlQkUlRDAlQjIlRDElODIlRDAlQkUlRDElODAlRDAlQjglRDAlQkMlRDElOEIlRDAlQjkrJUQwJUI4JUQwJUJEJUQxJTgyJUQwJUI1JUQxJTgwJUQxJThDJUQwJUI1JUQxJTgwKyVEMCVCNCVEMCVCQiVEMSU4RislRDAlQjIlRDAlQjAlRDElODglRDAlQjUlRDAlQjMlRDAlQkUrJUQwJUI0JUQwJUJFJUQwJUJDJUQwJUIwJTJDKyVEMCVCRSVEMSU4NCVEMCVCOCVEMSU4MSVEMCVCMCUyQyslRDAlQkMlRDAlQjAlRDAlQjMlRDAlQjAlRDAlQjclRDAlQjglRDAlQkQlRDAlQjAuJTIyJTJDJTIydHlwZSUyMiUzQSUyMnVuc3R5bGVkJTIyJTJDJTIyZGVwdGglMjIlM0EwJTJDJTIyaW5saW5lU3R5bGVSYW5nZXMlMjIlM0ElNUIlNUQlMkMlMjJlbnRpdHlSYW5nZXMlMjIlM0ElNUIlNUQlMkMlMjJkYXRhJTIyJTNBJTdCJTdEJTdEJTVEJTJDJTIyZW50aXR5TWFwJTIyJTNBJTdCJTIyMCUyMiUzQSU3QiUyMnR5cGUlMjIlM0ElMjJJTUFHRSUyMiUyQyUyMm11dGFiaWxpdHklMjIlM0ElMjJJTU1VVEFCTEUlMjIlMkMlMjJkYXRhJTIyJTNBJTdCJTIyaWQlMjIlM0E3JTJDJTIyc3JjJTIyJTNBJTIyJTJGbWVkaWElMkZpbWFnZXMlMkZhYm91dC11czEud2lkdGgtODAwLmpwZyUyMiUyQyUyMmFsdCUyMiUzQSUyMmFib3V0LXVzMS5qcGclMjIlMkMlMjJmb3JtYXQlMjIlM0ElMjJmdWxsd2lkdGglMjIlN0QlN0QlN0QlN0QmaW1hZ2VfdGV4dD0lN0IlMjJibG9ja3MlMjIlM0ElNUIlN0IlMjJrZXklMjIlM0ElMjJmanh1cCUyMiUyQyUyMnRleHQlMjIlM0ElMjIlRDAlOUQlRDAlQjAlRDElODglRDAlQjArJUQwJUJBJUQwJUJFJUQwJUJDJUQwJUJGJUQwJUIwJUQwJUJEJUQwJUI4JUQxJThGKyVEMCVCNyVEMCVCMCVEMCVCRCVEMCVCOCVEMCVCQyVEMCVCMCVEMCVCNSVEMSU4MiVEMSU4MSVEMSU4RislRDAlQkYlRDElODAlRDAlQkUlRDAlQjUlRDAlQkElRDElODIlRDAlQjglRDElODAlRDAlQkUlRDAlQjIlRDAlQjAlRDAlQkQlRDAlQjglRDAlQjUlRDAlQkMrJUQwJUI4KyVEMCVCOCVEMCVCNyVEMCVCMyVEMCVCRSVEMSU4MiVEMCVCRSVEMCVCMiVEMCVCQiVEMCVCNSVEMCVCRCVEMCVCOCVEMCVCNSVEMCVCQyslRDAlQkMlRDAlQjUlRDAlQjElRDAlQjUlRDAlQkIlRDAlQjgrJUQwJUJGJUQwJUJFKyVEMCVCOCVEMCVCRCVEMCVCNCVEMCVCOCVEMCVCMiVEMCVCOCVEMCVCNCVEMSU4MyVEMCVCMCVEMCVCQiVEMSU4QyVEMCVCRCVEMSU4QiVEMCVCQyslRDAlQjclRDAlQjAlRDAlQkElRDAlQjAlRDAlQjclRDAlQjAlRDAlQkMuJTIyJTJDJTIydHlwZSUyMiUzQSUyMnVuc3R5bGVkJTIyJTJDJTIyZGVwdGglMjIlM0EwJTJDJTIyaW5saW5lU3R5bGVSYW5nZXMlMjIlM0ElNUIlNUQlMkMlMjJlbnRpdHlSYW5nZXMlMjIlM0ElNUIlNUQlMkMlMjJkYXRhJTIyJTNBJTdCJTdEJTdEJTVEJTJDJTIyZW50aXR5TWFwJTIyJTNBJTdCJTdEJTdEJmltYWdlPTUmc2VydmljZXNfc2VjdGlvbj05JnNsdWc9YWJvdXQmc2VvX3RpdGxlPSZzZWFyY2hfZGVzY3JpcHRpb249JmdvX2xpdmVfYXQ9JmV4cGlyZV9hdD0iLDE1NzQwODkyODguMjM5OTU4OF0sIndhZ3RhaWwtcHJldmlldy0xMSI6WyJjc3JmbWlkZGxld2FyZXRva2VuPVFVU3h4NFlSdHJxeGo2em94RFRySXgxOThaS1l4UGRpVk1WRnBrekltS243bm93TEVpUDJyQkJHTmdzUnZLV2YmbmV4dD0mdGl0bGU9JUQwJTlBJUQwJUJFJUQwJUJEJUQxJTgyJUQwJUIwJUQwJUJBJUQxJTgyJUQxJThCJmZvcm1fZmllbGRzLVRPVEFMX0ZPUk1TPTQmZm9ybV9maWVsZHMtSU5JVElBTF9GT1JNUz00JmZvcm1fZmllbGRzLU1JTl9OVU1fRk9STVM9MCZmb3JtX2ZpZWxkcy1NQVhfTlVNX0ZPUk1TPTEwMDAmZm9ybV9maWVsZHMtMC1sYWJlbD0lRDAlOTIlRDAlQjAlRDElODglRDAlQjUrJUQwJUI4JUQwJUJDJUQxJThGJmZvcm1fZmllbGRzLTAtaGVscF90ZXh0PSZmb3JtX2ZpZWxkcy0wLXJlcXVpcmVkPW9uJmZvcm1fZmllbGRzLTAtZmllbGRfdHlwZT1zaW5nbGVsaW5lJmZvcm1fZmllbGRzLTAtY2hvaWNlcz0mZm9ybV9maWVsZHMtMC1kZWZhdWx0X3ZhbHVlPSZmb3JtX2ZpZWxkcy0wLWlkPTEmZm9ybV9maWVsZHMtMC1PUkRFUj0xJmZvcm1fZmllbGRzLTAtREVMRVRFPSZmb3JtX2ZpZWxkcy0xLWxhYmVsPSVEMCU5MiVEMCVCMCVEMSU4OCslRDElODIlRDAlQjUlRDAlQkIlRDAlQjUlRDElODQlRDAlQkUlRDAlQkQmZm9ybV9maWVsZHMtMS1oZWxwX3RleHQ9JmZvcm1fZmllbGRzLTEtcmVxdWlyZWQ9b24mZm9ybV9maWVsZHMtMS1maWVsZF90eXBlPXNpbmdsZWxpbmUmZm9ybV9maWVsZHMtMS1jaG9pY2VzPSZmb3JtX2ZpZWxkcy0xLWRlZmF1bHRfdmFsdWU9JmZvcm1fZmllbGRzLTEtaWQ9MiZmb3JtX2ZpZWxkcy0xLU9SREVSPTImZm9ybV9maWVsZHMtMS1ERUxFVEU9JmZvcm1fZmllbGRzLTItbGFiZWw9JUQwJTkyJUQwJUIwJUQxJTg4K2VtYWlsJmZvcm1fZmllbGRzLTItaGVscF90ZXh0PSZmb3JtX2ZpZWxkcy0yLXJlcXVpcmVkPW9uJmZvcm1fZmllbGRzLTItZmllbGRfdHlwZT1lbWFpbCZmb3JtX2ZpZWxkcy0yLWNob2ljZXM9JmZvcm1fZmllbGRzLTItZGVmYXVsdF92YWx1ZT0mZm9ybV9maWVsZHMtMi1pZD0zJmZvcm1fZmllbGRzLTItT1JERVI9MyZmb3JtX2ZpZWxkcy0yLURFTEVURT0mZm9ybV9maWVsZHMtMy1sYWJlbD0lRDAlQTElRDAlQkUlRDAlQkUlRDAlQjElRDElODklRDAlQjUlRDAlQkQlRDAlQjglRDAlQjUrJUQwJUI4JUQwJUJCJUQwJUI4KyVEMCVCMiVEMCVCRSVEMCVCRiVEMSU4MCVEMCVCRSVEMSU4MSZmb3JtX2ZpZWxkcy0zLWhlbHBfdGV4dD0mZm9ybV9maWVsZHMtMy1maWVsZF90eXBlPW11bHRpbGluZSZmb3JtX2ZpZWxkcy0zLWNob2ljZXM9JmZvcm1fZmllbGRzLTMtZGVmYXVsdF92YWx1ZT0mZm9ybV9maWVsZHMtMy1pZD00JmZvcm1fZmllbGRzLTMtT1JERVI9NCZmb3JtX2ZpZWxkcy0zLURFTEVURT0mdGhhbmtfeW91X3RleHQ9JTdCJTIyYmxvY2tzJTIyJTNBJTVCJTdCJTIya2V5JTIyJTNBJTIyMjNrcXElMjIlMkMlMjJ0ZXh0JTIyJTNBJTIyJUQwJUExJUQwJUJGJUQwJUIwJUQxJTgxJUQwJUI4JUQwJUIxJUQwJUJFJTIyJTJDJTIydHlwZSUyMiUzQSUyMnVuc3R5bGVkJTIyJTJDJTIyZGVwdGglMjIlM0EwJTJDJTIyaW5saW5lU3R5bGVSYW5nZXMlMjIlM0ElNUIlNUQlMkMlMjJlbnRpdHlSYW5nZXMlMjIlM0ElNUIlNUQlMkMlMjJkYXRhJTIyJTNBJTdCJTdEJTdEJTVEJTJDJTIyZW50aXR5TWFwJTIyJTNBJTdCJTdEJTdEJmZvcm1hdHRlZF9hZGRyZXNzPSVEMSU4MyVEMCVCQi4rJUQwJTk0JUQwJUI1JUQwJUJDJUQwJUI1JUQwJUI1JUQwJUIyJUQxJTgxJUQwJUJBJUQwJUIwJUQxJThGJTJDKzEzJmxhdGxuZ19hZGRyZXNzPSVEMSU4MyVEMCVCQi4rJUQwJTk0JUQwJUI1JUQwJUJDJUQwJUI1JUQwJUI1JUQwJUIyJUQxJTgxJUQwJUJBJUQwJUIwJUQxJThGJTJDKzEzJmZyb21fYWRkcmVzcz1hZG1pbiU0MG1la2EtZnVybml0dXJlLmNvbS51YSZ0b19hZGRyZXNzPW1lbGVzaGtvZGltMjAwMCU0MGdtYWlsLmNvbSZzdWJqZWN0PSVEMCU5RCVEMCVCRSVEMCVCMiVEMCVCMCVEMSU4RislRDAlQjclRDAlQjAlRDElOEYlRDAlQjIlRDAlQkElRDAlQjArJUQwJUJEJUQwJUIwKyVEMSU4MSVEMCVCMCVEMCVCOSVEMSU4MiVEMCVCNSZzbHVnPWNvbnRhY3Qmc2VvX3RpdGxlPSZzZWFyY2hfZGVzY3JpcHRpb249JmdvX2xpdmVfYXQ9JmV4cGlyZV9hdD0iLDE1NzQxNjk5ODUuODcxNjAwMl19",
      "expire_date": "2019-12-03T13:26:25.908Z"
   }
},
{
   "model": "auth.permission",
   "pk": 1,
   "fields": {
      "name": "Can access Wagtail admin",
      "content_type": 3,
      "codename": "access_admin"
   }
},
{
   "model": "auth.permission",
   "pk": 2,
   "fields": {
      "name": "Can add document",
      "content_type": 4,
      "codename": "add_document"
   }
},
{
   "model": "auth.permission",
   "pk": 3,
   "fields": {
      "name": "Can change document",
      "content_type": 4,
      "codename": "change_document"
   }
},
{
   "model": "auth.permission",
   "pk": 4,
   "fields": {
      "name": "Can delete document",
      "content_type": 4,
      "codename": "delete_document"
   }
},
{
   "model": "auth.permission",
   "pk": 5,
   "fields": {
      "name": "Can add image",
      "content_type": 5,
      "codename": "add_image"
   }
},
{
   "model": "auth.permission",
   "pk": 6,
   "fields": {
      "name": "Can change image",
      "content_type": 5,
      "codename": "change_image"
   }
},
{
   "model": "auth.permission",
   "pk": 7,
   "fields": {
      "name": "Can delete image",
      "content_type": 5,
      "codename": "delete_image"
   }
},
{
   "model": "auth.permission",
   "pk": 8,
   "fields": {
      "name": "Can add home page",
      "content_type": 2,
      "codename": "add_homepage"
   }
},
{
   "model": "auth.permission",
   "pk": 9,
   "fields": {
      "name": "Can change home page",
      "content_type": 2,
      "codename": "change_homepage"
   }
},
{
   "model": "auth.permission",
   "pk": 10,
   "fields": {
      "name": "Can delete home page",
      "content_type": 2,
      "codename": "delete_homepage"
   }
},
{
   "model": "auth.permission",
   "pk": 11,
   "fields": {
      "name": "Can view home page",
      "content_type": 2,
      "codename": "view_homepage"
   }
},
{
   "model": "auth.permission",
   "pk": 12,
   "fields": {
      "name": "Can add form submission",
      "content_type": 6,
      "codename": "add_formsubmission"
   }
},
{
   "model": "auth.permission",
   "pk": 13,
   "fields": {
      "name": "Can change form submission",
      "content_type": 6,
      "codename": "change_formsubmission"
   }
},
{
   "model": "auth.permission",
   "pk": 14,
   "fields": {
      "name": "Can delete form submission",
      "content_type": 6,
      "codename": "delete_formsubmission"
   }
},
{
   "model": "auth.permission",
   "pk": 15,
   "fields": {
      "name": "Can view form submission",
      "content_type": 6,
      "codename": "view_formsubmission"
   }
},
{
   "model": "auth.permission",
   "pk": 16,
   "fields": {
      "name": "Can add redirect",
      "content_type": 7,
      "codename": "add_redirect"
   }
},
{
   "model": "auth.permission",
   "pk": 17,
   "fields": {
      "name": "Can change redirect",
      "content_type": 7,
      "codename": "change_redirect"
   }
},
{
   "model": "auth.permission",
   "pk": 18,
   "fields": {
      "name": "Can delete redirect",
      "content_type": 7,
      "codename": "delete_redirect"
   }
},
{
   "model": "auth.permission",
   "pk": 19,
   "fields": {
      "name": "Can view redirect",
      "content_type": 7,
      "codename": "view_redirect"
   }
},
{
   "model": "auth.permission",
   "pk": 20,
   "fields": {
      "name": "Can add embed",
      "content_type": 8,
      "codename": "add_embed"
   }
},
{
   "model": "auth.permission",
   "pk": 21,
   "fields": {
      "name": "Can change embed",
      "content_type": 8,
      "codename": "change_embed"
   }
},
{
   "model": "auth.permission",
   "pk": 22,
   "fields": {
      "name": "Can delete embed",
      "content_type": 8,
      "codename": "delete_embed"
   }
},
{
   "model": "auth.permission",
   "pk": 23,
   "fields": {
      "name": "Can view embed",
      "content_type": 8,
      "codename": "view_embed"
   }
},
{
   "model": "auth.permission",
   "pk": 24,
   "fields": {
      "name": "Can add user profile",
      "content_type": 9,
      "codename": "add_userprofile"
   }
},
{
   "model": "auth.permission",
   "pk": 25,
   "fields": {
      "name": "Can change user profile",
      "content_type": 9,
      "codename": "change_userprofile"
   }
},
{
   "model": "auth.permission",
   "pk": 26,
   "fields": {
      "name": "Can delete user profile",
      "content_type": 9,
      "codename": "delete_userprofile"
   }
},
{
   "model": "auth.permission",
   "pk": 27,
   "fields": {
      "name": "Can view user profile",
      "content_type": 9,
      "codename": "view_userprofile"
   }
},
{
   "model": "auth.permission",
   "pk": 28,
   "fields": {
      "name": "Can view document",
      "content_type": 4,
      "codename": "view_document"
   }
},
{
   "model": "auth.permission",
   "pk": 29,
   "fields": {
      "name": "Can view image",
      "content_type": 5,
      "codename": "view_image"
   }
},
{
   "model": "auth.permission",
   "pk": 30,
   "fields": {
      "name": "Can add rendition",
      "content_type": 10,
      "codename": "add_rendition"
   }
},
{
   "model": "auth.permission",
   "pk": 31,
   "fields": {
      "name": "Can change rendition",
      "content_type": 10,
      "codename": "change_rendition"
   }
},
{
   "model": "auth.permission",
   "pk": 32,
   "fields": {
      "name": "Can delete rendition",
      "content_type": 10,
      "codename": "delete_rendition"
   }
},
{
   "model": "auth.permission",
   "pk": 33,
   "fields": {
      "name": "Can view rendition",
      "content_type": 10,
      "codename": "view_rendition"
   }
},
{
   "model": "auth.permission",
   "pk": 34,
   "fields": {
      "name": "Can add query",
      "content_type": 11,
      "codename": "add_query"
   }
},
{
   "model": "auth.permission",
   "pk": 35,
   "fields": {
      "name": "Can change query",
      "content_type": 11,
      "codename": "change_query"
   }
},
{
   "model": "auth.permission",
   "pk": 36,
   "fields": {
      "name": "Can delete query",
      "content_type": 11,
      "codename": "delete_query"
   }
},
{
   "model": "auth.permission",
   "pk": 37,
   "fields": {
      "name": "Can view query",
      "content_type": 11,
      "codename": "view_query"
   }
},
{
   "model": "auth.permission",
   "pk": 38,
   "fields": {
      "name": "Can add Query Daily Hits",
      "content_type": 12,
      "codename": "add_querydailyhits"
   }
},
{
   "model": "auth.permission",
   "pk": 39,
   "fields": {
      "name": "Can change Query Daily Hits",
      "content_type": 12,
      "codename": "change_querydailyhits"
   }
},
{
   "model": "auth.permission",
   "pk": 40,
   "fields": {
      "name": "Can delete Query Daily Hits",
      "content_type": 12,
      "codename": "delete_querydailyhits"
   }
},
{
   "model": "auth.permission",
   "pk": 41,
   "fields": {
      "name": "Can view Query Daily Hits",
      "content_type": 12,
      "codename": "view_querydailyhits"
   }
},
{
   "model": "auth.permission",
   "pk": 42,
   "fields": {
      "name": "Can add page",
      "content_type": 1,
      "codename": "add_page"
   }
},
{
   "model": "auth.permission",
   "pk": 43,
   "fields": {
      "name": "Can change page",
      "content_type": 1,
      "codename": "change_page"
   }
},
{
   "model": "auth.permission",
   "pk": 44,
   "fields": {
      "name": "Can delete page",
      "content_type": 1,
      "codename": "delete_page"
   }
},
{
   "model": "auth.permission",
   "pk": 45,
   "fields": {
      "name": "Can view page",
      "content_type": 1,
      "codename": "view_page"
   }
},
{
   "model": "auth.permission",
   "pk": 46,
   "fields": {
      "name": "Can add group page permission",
      "content_type": 13,
      "codename": "add_grouppagepermission"
   }
},
{
   "model": "auth.permission",
   "pk": 47,
   "fields": {
      "name": "Can change group page permission",
      "content_type": 13,
      "codename": "change_grouppagepermission"
   }
},
{
   "model": "auth.permission",
   "pk": 48,
   "fields": {
      "name": "Can delete group page permission",
      "content_type": 13,
      "codename": "delete_grouppagepermission"
   }
},
{
   "model": "auth.permission",
   "pk": 49,
   "fields": {
      "name": "Can view group page permission",
      "content_type": 13,
      "codename": "view_grouppagepermission"
   }
},
{
   "model": "auth.permission",
   "pk": 50,
   "fields": {
      "name": "Can add page revision",
      "content_type": 14,
      "codename": "add_pagerevision"
   }
},
{
   "model": "auth.permission",
   "pk": 51,
   "fields": {
      "name": "Can change page revision",
      "content_type": 14,
      "codename": "change_pagerevision"
   }
},
{
   "model": "auth.permission",
   "pk": 52,
   "fields": {
      "name": "Can delete page revision",
      "content_type": 14,
      "codename": "delete_pagerevision"
   }
},
{
   "model": "auth.permission",
   "pk": 53,
   "fields": {
      "name": "Can view page revision",
      "content_type": 14,
      "codename": "view_pagerevision"
   }
},
{
   "model": "auth.permission",
   "pk": 54,
   "fields": {
      "name": "Can add page view restriction",
      "content_type": 15,
      "codename": "add_pageviewrestriction"
   }
},
{
   "model": "auth.permission",
   "pk": 55,
   "fields": {
      "name": "Can change page view restriction",
      "content_type": 15,
      "codename": "change_pageviewrestriction"
   }
},
{
   "model": "auth.permission",
   "pk": 56,
   "fields": {
      "name": "Can delete page view restriction",
      "content_type": 15,
      "codename": "delete_pageviewrestriction"
   }
},
{
   "model": "auth.permission",
   "pk": 57,
   "fields": {
      "name": "Can view page view restriction",
      "content_type": 15,
      "codename": "view_pageviewrestriction"
   }
},
{
   "model": "auth.permission",
   "pk": 58,
   "fields": {
      "name": "Can add site",
      "content_type": 16,
      "codename": "add_site"
   }
},
{
   "model": "auth.permission",
   "pk": 59,
   "fields": {
      "name": "Can change site",
      "content_type": 16,
      "codename": "change_site"
   }
},
{
   "model": "auth.permission",
   "pk": 60,
   "fields": {
      "name": "Can delete site",
      "content_type": 16,
      "codename": "delete_site"
   }
},
{
   "model": "auth.permission",
   "pk": 61,
   "fields": {
      "name": "Can view site",
      "content_type": 16,
      "codename": "view_site"
   }
},
{
   "model": "auth.permission",
   "pk": 62,
   "fields": {
      "name": "Can add collection",
      "content_type": 17,
      "codename": "add_collection"
   }
},
{
   "model": "auth.permission",
   "pk": 63,
   "fields": {
      "name": "Can change collection",
      "content_type": 17,
      "codename": "change_collection"
   }
},
{
   "model": "auth.permission",
   "pk": 64,
   "fields": {
      "name": "Can delete collection",
      "content_type": 17,
      "codename": "delete_collection"
   }
},
{
   "model": "auth.permission",
   "pk": 65,
   "fields": {
      "name": "Can view collection",
      "content_type": 17,
      "codename": "view_collection"
   }
},
{
   "model": "auth.permission",
   "pk": 66,
   "fields": {
      "name": "Can add group collection permission",
      "content_type": 18,
      "codename": "add_groupcollectionpermission"
   }
},
{
   "model": "auth.permission",
   "pk": 67,
   "fields": {
      "name": "Can change group collection permission",
      "content_type": 18,
      "codename": "change_groupcollectionpermission"
   }
},
{
   "model": "auth.permission",
   "pk": 68,
   "fields": {
      "name": "Can delete group collection permission",
      "content_type": 18,
      "codename": "delete_groupcollectionpermission"
   }
},
{
   "model": "auth.permission",
   "pk": 69,
   "fields": {
      "name": "Can view group collection permission",
      "content_type": 18,
      "codename": "view_groupcollectionpermission"
   }
},
{
   "model": "auth.permission",
   "pk": 70,
   "fields": {
      "name": "Can add collection view restriction",
      "content_type": 19,
      "codename": "add_collectionviewrestriction"
   }
},
{
   "model": "auth.permission",
   "pk": 71,
   "fields": {
      "name": "Can change collection view restriction",
      "content_type": 19,
      "codename": "change_collectionviewrestriction"
   }
},
{
   "model": "auth.permission",
   "pk": 72,
   "fields": {
      "name": "Can delete collection view restriction",
      "content_type": 19,
      "codename": "delete_collectionviewrestriction"
   }
},
{
   "model": "auth.permission",
   "pk": 73,
   "fields": {
      "name": "Can view collection view restriction",
      "content_type": 19,
      "codename": "view_collectionviewrestriction"
   }
},
{
   "model": "auth.permission",
   "pk": 74,
   "fields": {
      "name": "Can add Tag",
      "content_type": 20,
      "codename": "add_tag"
   }
},
{
   "model": "auth.permission",
   "pk": 75,
   "fields": {
      "name": "Can change Tag",
      "content_type": 20,
      "codename": "change_tag"
   }
},
{
   "model": "auth.permission",
   "pk": 76,
   "fields": {
      "name": "Can delete Tag",
      "content_type": 20,
      "codename": "delete_tag"
   }
},
{
   "model": "auth.permission",
   "pk": 77,
   "fields": {
      "name": "Can view Tag",
      "content_type": 20,
      "codename": "view_tag"
   }
},
{
   "model": "auth.permission",
   "pk": 78,
   "fields": {
      "name": "Can add Tagged Item",
      "content_type": 21,
      "codename": "add_taggeditem"
   }
},
{
   "model": "auth.permission",
   "pk": 79,
   "fields": {
      "name": "Can change Tagged Item",
      "content_type": 21,
      "codename": "change_taggeditem"
   }
},
{
   "model": "auth.permission",
   "pk": 80,
   "fields": {
      "name": "Can delete Tagged Item",
      "content_type": 21,
      "codename": "delete_taggeditem"
   }
},
{
   "model": "auth.permission",
   "pk": 81,
   "fields": {
      "name": "Can view Tagged Item",
      "content_type": 21,
      "codename": "view_taggeditem"
   }
},
{
   "model": "auth.permission",
   "pk": 82,
   "fields": {
      "name": "Can add log entry",
      "content_type": 22,
      "codename": "add_logentry"
   }
},
{
   "model": "auth.permission",
   "pk": 83,
   "fields": {
      "name": "Can change log entry",
      "content_type": 22,
      "codename": "change_logentry"
   }
},
{
   "model": "auth.permission",
   "pk": 84,
   "fields": {
      "name": "Can delete log entry",
      "content_type": 22,
      "codename": "delete_logentry"
   }
},
{
   "model": "auth.permission",
   "pk": 85,
   "fields": {
      "name": "Can view log entry",
      "content_type": 22,
      "codename": "view_logentry"
   }
},
{
   "model": "auth.permission",
   "pk": 86,
   "fields": {
      "name": "Can add permission",
      "content_type": 23,
      "codename": "add_permission"
   }
},
{
   "model": "auth.permission",
   "pk": 87,
   "fields": {
      "name": "Can change permission",
      "content_type": 23,
      "codename": "change_permission"
   }
},
{
   "model": "auth.permission",
   "pk": 88,
   "fields": {
      "name": "Can delete permission",
      "content_type": 23,
      "codename": "delete_permission"
   }
},
{
   "model": "auth.permission",
   "pk": 89,
   "fields": {
      "name": "Can view permission",
      "content_type": 23,
      "codename": "view_permission"
   }
},
{
   "model": "auth.permission",
   "pk": 90,
   "fields": {
      "name": "Can add group",
      "content_type": 24,
      "codename": "add_group"
   }
},
{
   "model": "auth.permission",
   "pk": 91,
   "fields": {
      "name": "Can change group",
      "content_type": 24,
      "codename": "change_group"
   }
},
{
   "model": "auth.permission",
   "pk": 92,
   "fields": {
      "name": "Can delete group",
      "content_type": 24,
      "codename": "delete_group"
   }
},
{
   "model": "auth.permission",
   "pk": 93,
   "fields": {
      "name": "Can view group",
      "content_type": 24,
      "codename": "view_group"
   }
},
{
   "model": "auth.permission",
   "pk": 94,
   "fields": {
      "name": "Can add user",
      "content_type": 25,
      "codename": "add_user"
   }
},
{
   "model": "auth.permission",
   "pk": 95,
   "fields": {
      "name": "Can change user",
      "content_type": 25,
      "codename": "change_user"
   }
},
{
   "model": "auth.permission",
   "pk": 96,
   "fields": {
      "name": "Can delete user",
      "content_type": 25,
      "codename": "delete_user"
   }
},
{
   "model": "auth.permission",
   "pk": 97,
   "fields": {
      "name": "Can view user",
      "content_type": 25,
      "codename": "view_user"
   }
},
{
   "model": "auth.permission",
   "pk": 98,
   "fields": {
      "name": "Can add content type",
      "content_type": 26,
      "codename": "add_contenttype"
   }
},
{
   "model": "auth.permission",
   "pk": 99,
   "fields": {
      "name": "Can change content type",
      "content_type": 26,
      "codename": "change_contenttype"
   }
},
{
   "model": "auth.permission",
   "pk": 100,
   "fields": {
      "name": "Can delete content type",
      "content_type": 26,
      "codename": "delete_contenttype"
   }
},
{
   "model": "auth.permission",
   "pk": 101,
   "fields": {
      "name": "Can view content type",
      "content_type": 26,
      "codename": "view_contenttype"
   }
},
{
   "model": "auth.permission",
   "pk": 102,
   "fields": {
      "name": "Can add session",
      "content_type": 27,
      "codename": "add_session"
   }
},
{
   "model": "auth.permission",
   "pk": 103,
   "fields": {
      "name": "Can change session",
      "content_type": 27,
      "codename": "change_session"
   }
},
{
   "model": "auth.permission",
   "pk": 104,
   "fields": {
      "name": "Can delete session",
      "content_type": 27,
      "codename": "delete_session"
   }
},
{
   "model": "auth.permission",
   "pk": 105,
   "fields": {
      "name": "Can view session",
      "content_type": 27,
      "codename": "view_session"
   }
},
{
   "model": "auth.permission",
   "pk": 106,
   "fields": {
      "name": "Can add footer text",
      "content_type": 28,
      "codename": "add_footertext"
   }
},
{
   "model": "auth.permission",
   "pk": 107,
   "fields": {
      "name": "Can change footer text",
      "content_type": 28,
      "codename": "change_footertext"
   }
},
{
   "model": "auth.permission",
   "pk": 108,
   "fields": {
      "name": "Can delete footer text",
      "content_type": 28,
      "codename": "delete_footertext"
   }
},
{
   "model": "auth.permission",
   "pk": 109,
   "fields": {
      "name": "Can view footer text",
      "content_type": 28,
      "codename": "view_footertext"
   }
},
{
   "model": "auth.permission",
   "pk": 110,
   "fields": {
      "name": "Can add \u0421\u043b\u0430\u0439\u0434\u044b",
      "content_type": 29,
      "codename": "add_homeslideshow"
   }
},
{
   "model": "auth.permission",
   "pk": 111,
   "fields": {
      "name": "Can change \u0421\u043b\u0430\u0439\u0434\u044b",
      "content_type": 29,
      "codename": "change_homeslideshow"
   }
},
{
   "model": "auth.permission",
   "pk": 112,
   "fields": {
      "name": "Can delete \u0421\u043b\u0430\u0439\u0434\u044b",
      "content_type": 29,
      "codename": "delete_homeslideshow"
   }
},
{
   "model": "auth.permission",
   "pk": 113,
   "fields": {
      "name": "Can view \u0421\u043b\u0430\u0439\u0434\u044b",
      "content_type": 29,
      "codename": "view_homeslideshow"
   }
},
{
   "model": "auth.permission",
   "pk": 114,
   "fields": {
      "name": "Can add home page slides",
      "content_type": 30,
      "codename": "add_homepageslides"
   }
},
{
   "model": "auth.permission",
   "pk": 115,
   "fields": {
      "name": "Can change home page slides",
      "content_type": 30,
      "codename": "change_homepageslides"
   }
},
{
   "model": "auth.permission",
   "pk": 116,
   "fields": {
      "name": "Can delete home page slides",
      "content_type": 30,
      "codename": "delete_homepageslides"
   }
},
{
   "model": "auth.permission",
   "pk": 117,
   "fields": {
      "name": "Can view home page slides",
      "content_type": 30,
      "codename": "view_homepageslides"
   }
},
{
   "model": "auth.permission",
   "pk": 118,
   "fields": {
      "name": "Can add \u0421\u043b\u0430\u0439\u0434\u044b",
      "content_type": 31,
      "codename": "add_slide"
   }
},
{
   "model": "auth.permission",
   "pk": 119,
   "fields": {
      "name": "Can change \u0421\u043b\u0430\u0439\u0434\u044b",
      "content_type": 31,
      "codename": "change_slide"
   }
},
{
   "model": "auth.permission",
   "pk": 120,
   "fields": {
      "name": "Can delete \u0421\u043b\u0430\u0439\u0434\u044b",
      "content_type": 31,
      "codename": "delete_slide"
   }
},
{
   "model": "auth.permission",
   "pk": 121,
   "fields": {
      "name": "Can view \u0421\u043b\u0430\u0439\u0434\u044b",
      "content_type": 31,
      "codename": "view_slide"
   }
},
{
   "model": "auth.permission",
   "pk": 122,
   "fields": {
      "name": "Can add \u041e \u043d\u0430\u0441",
      "content_type": 32,
      "codename": "add_aboutpage"
   }
},
{
   "model": "auth.permission",
   "pk": 123,
   "fields": {
      "name": "Can change \u041e \u043d\u0430\u0441",
      "content_type": 32,
      "codename": "change_aboutpage"
   }
},
{
   "model": "auth.permission",
   "pk": 124,
   "fields": {
      "name": "Can delete \u041e \u043d\u0430\u0441",
      "content_type": 32,
      "codename": "delete_aboutpage"
   }
},
{
   "model": "auth.permission",
   "pk": 125,
   "fields": {
      "name": "Can view \u041e \u043d\u0430\u0441",
      "content_type": 32,
      "codename": "view_aboutpage"
   }
},
{
   "model": "auth.permission",
   "pk": 126,
   "fields": {
      "name": "Can add \u041d\u0430\u0448\u0438 \u0443\u0441\u043b\u0443\u0433\u0438",
      "content_type": 33,
      "codename": "add_companyservices"
   }
},
{
   "model": "auth.permission",
   "pk": 127,
   "fields": {
      "name": "Can change \u041d\u0430\u0448\u0438 \u0443\u0441\u043b\u0443\u0433\u0438",
      "content_type": 33,
      "codename": "change_companyservices"
   }
},
{
   "model": "auth.permission",
   "pk": 128,
   "fields": {
      "name": "Can delete \u041d\u0430\u0448\u0438 \u0443\u0441\u043b\u0443\u0433\u0438",
      "content_type": 33,
      "codename": "delete_companyservices"
   }
},
{
   "model": "auth.permission",
   "pk": 129,
   "fields": {
      "name": "Can view \u041d\u0430\u0448\u0438 \u0443\u0441\u043b\u0443\u0433\u0438",
      "content_type": 33,
      "codename": "view_companyservices"
   }
},
{
   "model": "auth.permission",
   "pk": 130,
   "fields": {
      "name": "Can add \u041d\u0430\u0448\u0438 \u0443\u0441\u043b\u0443\u0433\u0438",
      "content_type": 33,
      "codename": "add_servicepage"
   }
},
{
   "model": "auth.permission",
   "pk": 131,
   "fields": {
      "name": "Can change \u041d\u0430\u0448\u0438 \u0443\u0441\u043b\u0443\u0433\u0438",
      "content_type": 33,
      "codename": "change_servicepage"
   }
},
{
   "model": "auth.permission",
   "pk": 132,
   "fields": {
      "name": "Can delete \u041d\u0430\u0448\u0438 \u0443\u0441\u043b\u0443\u0433\u0438",
      "content_type": 33,
      "codename": "delete_servicepage"
   }
},
{
   "model": "auth.permission",
   "pk": 133,
   "fields": {
      "name": "Can view \u041d\u0430\u0448\u0438 \u0443\u0441\u043b\u0443\u0433\u0438",
      "content_type": 33,
      "codename": "view_servicepage"
   }
},
{
   "model": "auth.permission",
   "pk": 134,
   "fields": {
      "name": "Can add form field",
      "content_type": 35,
      "codename": "add_formfield"
   }
},
{
   "model": "auth.permission",
   "pk": 135,
   "fields": {
      "name": "Can change form field",
      "content_type": 35,
      "codename": "change_formfield"
   }
},
{
   "model": "auth.permission",
   "pk": 136,
   "fields": {
      "name": "Can delete form field",
      "content_type": 35,
      "codename": "delete_formfield"
   }
},
{
   "model": "auth.permission",
   "pk": 137,
   "fields": {
      "name": "Can view form field",
      "content_type": 35,
      "codename": "view_formfield"
   }
},
{
   "model": "auth.permission",
   "pk": 138,
   "fields": {
      "name": "Can add contact page",
      "content_type": 34,
      "codename": "add_contactpage"
   }
},
{
   "model": "auth.permission",
   "pk": 139,
   "fields": {
      "name": "Can change contact page",
      "content_type": 34,
      "codename": "change_contactpage"
   }
},
{
   "model": "auth.permission",
   "pk": 140,
   "fields": {
      "name": "Can delete contact page",
      "content_type": 34,
      "codename": "delete_contactpage"
   }
},
{
   "model": "auth.permission",
   "pk": 141,
   "fields": {
      "name": "Can view contact page",
      "content_type": 34,
      "codename": "view_contactpage"
   }
},
{
   "model": "auth.permission",
   "pk": 142,
   "fields": {
      "name": "Can add blog index page",
      "content_type": 36,
      "codename": "add_blogindexpage"
   }
},
{
   "model": "auth.permission",
   "pk": 143,
   "fields": {
      "name": "Can change blog index page",
      "content_type": 36,
      "codename": "change_blogindexpage"
   }
},
{
   "model": "auth.permission",
   "pk": 144,
   "fields": {
      "name": "Can delete blog index page",
      "content_type": 36,
      "codename": "delete_blogindexpage"
   }
},
{
   "model": "auth.permission",
   "pk": 145,
   "fields": {
      "name": "Can view blog index page",
      "content_type": 36,
      "codename": "view_blogindexpage"
   }
},
{
   "model": "auth.permission",
   "pk": 146,
   "fields": {
      "name": "Can add \u041d\u043e\u0432\u043e\u0441\u0442\u044c",
      "content_type": 37,
      "codename": "add_blogpage"
   }
},
{
   "model": "auth.permission",
   "pk": 147,
   "fields": {
      "name": "Can change \u041d\u043e\u0432\u043e\u0441\u0442\u044c",
      "content_type": 37,
      "codename": "change_blogpage"
   }
},
{
   "model": "auth.permission",
   "pk": 148,
   "fields": {
      "name": "Can delete \u041d\u043e\u0432\u043e\u0441\u0442\u044c",
      "content_type": 37,
      "codename": "delete_blogpage"
   }
},
{
   "model": "auth.permission",
   "pk": 149,
   "fields": {
      "name": "Can view \u041d\u043e\u0432\u043e\u0441\u0442\u044c",
      "content_type": 37,
      "codename": "view_blogpage"
   }
},
{
   "model": "auth.permission",
   "pk": 150,
   "fields": {
      "name": "Can add works index page",
      "content_type": 38,
      "codename": "add_worksindexpage"
   }
},
{
   "model": "auth.permission",
   "pk": 151,
   "fields": {
      "name": "Can change works index page",
      "content_type": 38,
      "codename": "change_worksindexpage"
   }
},
{
   "model": "auth.permission",
   "pk": 152,
   "fields": {
      "name": "Can delete works index page",
      "content_type": 38,
      "codename": "delete_worksindexpage"
   }
},
{
   "model": "auth.permission",
   "pk": 153,
   "fields": {
      "name": "Can view works index page",
      "content_type": 38,
      "codename": "view_worksindexpage"
   }
},
{
   "model": "auth.permission",
   "pk": 154,
   "fields": {
      "name": "Can add \u041d\u043e\u0432\u043e\u0441\u0442\u044c",
      "content_type": 39,
      "codename": "add_workpage"
   }
},
{
   "model": "auth.permission",
   "pk": 155,
   "fields": {
      "name": "Can change \u041d\u043e\u0432\u043e\u0441\u0442\u044c",
      "content_type": 39,
      "codename": "change_workpage"
   }
},
{
   "model": "auth.permission",
   "pk": 156,
   "fields": {
      "name": "Can delete \u041d\u043e\u0432\u043e\u0441\u0442\u044c",
      "content_type": 39,
      "codename": "delete_workpage"
   }
},
{
   "model": "auth.permission",
   "pk": 157,
   "fields": {
      "name": "Can view \u041d\u043e\u0432\u043e\u0441\u0442\u044c",
      "content_type": 39,
      "codename": "view_workpage"
   }
},
{
   "model": "auth.group",
   "pk": 1,
   "fields": {
      "name": "Moderators",
      "permissions": [
         1,
         2,
         3,
         4,
         5,
         6,
         7
      ]
   }
},
{
   "model": "auth.group",
   "pk": 2,
   "fields": {
      "name": "Editors",
      "permissions": [
         1,
         2,
         3,
         4,
         5,
         6,
         7
      ]
   }
},
{
   "model": "auth.user",
   "pk": 1,
   "fields": {
      "password": "pbkdf2_sha256$150000$uVA7qkYsdjgy$4sFBjYWD6Aqul+JZpbobDu8HH3WML8mVx1Qas0clOl0=",
      "last_login": "2019-11-12T13:23:44.784Z",
      "is_superuser": true,
      "username": "root",
      "first_name": "",
      "last_name": "",
      "email": "meleshkodim2000@gmail.com",
      "is_staff": true,
      "is_active": true,
      "date_joined": "2019-11-12T13:22:40.222Z",
      "groups": [],
      "user_permissions": []
   }
},
{
   "model": "wagtailcore.groupcollectionpermission",
   "pk": 1,
   "fields": {
      "group": 2,
      "collection": 1,
      "permission": 2
   }
},
{
   "model": "wagtailcore.groupcollectionpermission",
   "pk": 2,
   "fields": {
      "group": 1,
      "collection": 1,
      "permission": 2
   }
},
{
   "model": "wagtailcore.groupcollectionpermission",
   "pk": 3,
   "fields": {
      "group": 2,
      "collection": 1,
      "permission": 3
   }
},
{
   "model": "wagtailcore.groupcollectionpermission",
   "pk": 4,
   "fields": {
      "group": 1,
      "collection": 1,
      "permission": 3
   }
},
{
   "model": "wagtailcore.groupcollectionpermission",
   "pk": 5,
   "fields": {
      "group": 2,
      "collection": 1,
      "permission": 5
   }
},
{
   "model": "wagtailcore.groupcollectionpermission",
   "pk": 6,
   "fields": {
      "group": 1,
      "collection": 1,
      "permission": 5
   }
},
{
   "model": "wagtailcore.groupcollectionpermission",
   "pk": 7,
   "fields": {
      "group": 2,
      "collection": 1,
      "permission": 6
   }
},
{
   "model": "wagtailcore.groupcollectionpermission",
   "pk": 8,
   "fields": {
      "group": 1,
      "collection": 1,
      "permission": 6
   }
},
{
   "model": "wagtailcore.grouppagepermission",
   "pk": 1,
   "fields": {
      "group": 1,
      "page": 1,
      "permission_type": "add"
   }
},
{
   "model": "wagtailcore.grouppagepermission",
   "pk": 2,
   "fields": {
      "group": 1,
      "page": 1,
      "permission_type": "edit"
   }
},
{
   "model": "wagtailcore.grouppagepermission",
   "pk": 3,
   "fields": {
      "group": 1,
      "page": 1,
      "permission_type": "publish"
   }
},
{
   "model": "wagtailcore.grouppagepermission",
   "pk": 4,
   "fields": {
      "group": 2,
      "page": 1,
      "permission_type": "add"
   }
},
{
   "model": "wagtailcore.grouppagepermission",
   "pk": 5,
   "fields": {
      "group": 2,
      "page": 1,
      "permission_type": "edit"
   }
},
{
   "model": "wagtailcore.grouppagepermission",
   "pk": 6,
   "fields": {
      "group": 1,
      "page": 1,
      "permission_type": "lock"
   }
},
{
   "model": "wagtailcore.pagerevision",
   "pk": 3,
   "fields": {
      "page": 3,
      "submitted_for_moderation": false,
      "created_at": "2019-11-15T09:01:42.319Z",
      "user": 1,
      "content_json": "{\"pk\": 3, \"path\": \"00010001\", \"depth\": 2, \"numchild\": 0, \"title\": \"Home\", \"draft_title\": \"Home\", \"slug\": \"home\", \"content_type\": 2, \"live\": true, \"has_unpublished_changes\": false, \"url_path\": \"/home/\", \"owner\": null, \"seo_title\": \"some title test\", \"show_in_menus\": false, \"search_description\": \"some desc for seo test\", \"go_live_at\": null, \"expire_at\": null, \"expired\": false, \"locked\": false, \"first_published_at\": null, \"last_published_at\": null, \"latest_revision_created_at\": null, \"live_revision\": null}",
      "approved_go_live_at": null
   }
},
{
   "model": "wagtailcore.pagerevision",
   "pk": 4,
   "fields": {
      "page": 3,
      "submitted_for_moderation": false,
      "created_at": "2019-11-15T09:03:24.346Z",
      "user": 1,
      "content_json": "{\"pk\": 3, \"path\": \"00010001\", \"depth\": 2, \"numchild\": 0, \"title\": \"Home\", \"draft_title\": \"Home\", \"slug\": \"home\", \"content_type\": 2, \"live\": true, \"has_unpublished_changes\": false, \"url_path\": \"/home/\", \"owner\": null, \"seo_title\": \"some title test\", \"show_in_menus\": true, \"search_description\": \"some desc for seo test\\r\\ndsfsf\", \"go_live_at\": null, \"expire_at\": null, \"expired\": false, \"locked\": false, \"first_published_at\": \"2019-11-15T09:01:42.415Z\", \"last_published_at\": \"2019-11-15T09:01:42.415Z\", \"latest_revision_created_at\": \"2019-11-15T09:01:42.319Z\", \"live_revision\": 3}",
      "approved_go_live_at": null
   }
},
{
   "model": "wagtailcore.pagerevision",
   "pk": 5,
   "fields": {
      "page": 5,
      "submitted_for_moderation": false,
      "created_at": "2019-11-15T14:59:17.641Z",
      "user": 1,
      "content_json": "{\"pk\": 5, \"path\": \"00010002\", \"depth\": 2, \"numchild\": 0, \"title\": \"Home Page Slides\", \"draft_title\": \"Home Page Slides\", \"slug\": \"home-page-slides\", \"content_type\": 30, \"live\": true, \"has_unpublished_changes\": false, \"url_path\": \"/home-page-slides/\", \"owner\": 1, \"seo_title\": \"\", \"show_in_menus\": false, \"search_description\": \"\", \"go_live_at\": null, \"expire_at\": null, \"expired\": false, \"locked\": false, \"first_published_at\": null, \"last_published_at\": null, \"latest_revision_created_at\": null, \"live_revision\": null}",
      "approved_go_live_at": null
   }
},
{
   "model": "wagtailcore.pagerevision",
   "pk": 6,
   "fields": {
      "page": 6,
      "submitted_for_moderation": false,
      "created_at": "2019-11-15T15:05:09.229Z",
      "user": 1,
      "content_json": "{\"pk\": 6, \"path\": \"000100020001\", \"depth\": 3, \"numchild\": 0, \"title\": \"first\", \"draft_title\": \"first\", \"slug\": \"first\", \"content_type\": 31, \"live\": true, \"has_unpublished_changes\": false, \"url_path\": \"/home-page-slides/first/\", \"owner\": 1, \"seo_title\": \"\", \"show_in_menus\": false, \"search_description\": \"\", \"go_live_at\": null, \"expire_at\": null, \"expired\": false, \"locked\": false, \"first_published_at\": null, \"last_published_at\": null, \"latest_revision_created_at\": null, \"live_revision\": null, \"image\": 1, \"caption_field\": \"caption\"}",
      "approved_go_live_at": null
   }
},
{
   "model": "wagtailcore.pagerevision",
   "pk": 7,
   "fields": {
      "page": 7,
      "submitted_for_moderation": false,
      "created_at": "2019-11-15T15:05:55.297Z",
      "user": 1,
      "content_json": "{\"pk\": 7, \"path\": \"000100020002\", \"depth\": 3, \"numchild\": 0, \"title\": \"second\", \"draft_title\": \"second\", \"slug\": \"second\", \"content_type\": 31, \"live\": true, \"has_unpublished_changes\": false, \"url_path\": \"/home-page-slides/second/\", \"owner\": 1, \"seo_title\": \"\", \"show_in_menus\": false, \"search_description\": \"\", \"go_live_at\": null, \"expire_at\": null, \"expired\": false, \"locked\": false, \"first_published_at\": null, \"last_published_at\": null, \"latest_revision_created_at\": null, \"live_revision\": null, \"image\": 2, \"caption_field\": \"caption\"}",
      "approved_go_live_at": null
   }
},
{
   "model": "wagtailcore.pagerevision",
   "pk": 8,
   "fields": {
      "page": 8,
      "submitted_for_moderation": false,
      "created_at": "2019-11-15T15:06:27.497Z",
      "user": 1,
      "content_json": "{\"pk\": 8, \"path\": \"000100020003\", \"depth\": 3, \"numchild\": 0, \"title\": \"third\", \"draft_title\": \"third\", \"slug\": \"third\", \"content_type\": 31, \"live\": true, \"has_unpublished_changes\": false, \"url_path\": \"/home-page-slides/third/\", \"owner\": 1, \"seo_title\": \"\", \"show_in_menus\": false, \"search_description\": \"\", \"go_live_at\": null, \"expire_at\": null, \"expired\": false, \"locked\": false, \"first_published_at\": null, \"last_published_at\": null, \"latest_revision_created_at\": null, \"live_revision\": null, \"image\": 3, \"caption_field\": \"caption 3\"}",
      "approved_go_live_at": null
   }
},
{
   "model": "wagtailcore.pagerevision",
   "pk": 9,
   "fields": {
      "page": 3,
      "submitted_for_moderation": false,
      "created_at": "2019-11-15T15:07:08.926Z",
      "user": 1,
      "content_json": "{\"pk\": 3, \"path\": \"00010001\", \"depth\": 2, \"numchild\": 0, \"title\": \"Home\", \"draft_title\": \"Home\", \"slug\": \"home\", \"content_type\": 2, \"live\": true, \"has_unpublished_changes\": false, \"url_path\": \"/home/\", \"owner\": null, \"seo_title\": \"some title test\", \"show_in_menus\": true, \"search_description\": \"some desc for seo test\\r\\ndsfsf\", \"go_live_at\": null, \"expire_at\": null, \"expired\": false, \"locked\": false, \"first_published_at\": \"2019-11-15T09:01:42.415Z\", \"last_published_at\": \"2019-11-15T09:03:24.413Z\", \"latest_revision_created_at\": \"2019-11-15T09:03:24.346Z\", \"live_revision\": 4, \"some_text\": \"<p>some</p>\", \"title_field\": \"some\", \"image_about\": null, \"image_news\": null, \"image_works\": null, \"slideshow_section\": 5, \"slideshow_section_title\": null}",
      "approved_go_live_at": null
   }
},
{
   "model": "wagtailcore.pagerevision",
   "pk": 10,
   "fields": {
      "page": 9,
      "submitted_for_moderation": false,
      "created_at": "2019-11-17T09:33:25.093Z",
      "user": 1,
      "content_json": "{\"pk\": 9, \"path\": \"000100010001\", \"depth\": 3, \"numchild\": 0, \"title\": \"\\u041e \\u041d\\u0430\\u0441\", \"draft_title\": \"\\u041e \\u041d\\u0430\\u0441\", \"slug\": \"\\u043e-\\u043d\\u0430\\u0441\", \"content_type\": 32, \"live\": true, \"has_unpublished_changes\": false, \"url_path\": \"/home/\\u043e-\\u043d\\u0430\\u0441/\", \"owner\": 1, \"seo_title\": \"\", \"show_in_menus\": false, \"search_description\": \"\", \"go_live_at\": null, \"expire_at\": null, \"expired\": false, \"locked\": false, \"first_published_at\": null, \"last_published_at\": null, \"latest_revision_created_at\": null, \"live_revision\": null, \"title_field\": \"\\u0427\\u0442\\u043e \\u043c\\u044b \\u043f\\u0440\\u0435\\u0434\\u043b\\u0430\\u0433\\u0430\\u0435\\u043c\", \"main_text\": \"<p></p><p>\\u041c\\u044b \\u043f\\u0440\\u0435\\u0434\\u043e\\u0441\\u0442\\u0430\\u0432\\u043b\\u044f\\u0435\\u043c \\u0443\\u0441\\u043b\\u0443\\u0433\\u0438 \\u043f\\u043e \\u043f\\u0440\\u043e\\u0438\\u0437\\u0432\\u043e\\u0434\\u0441\\u0442\\u0432\\u0443, \\u0434\\u043e\\u0441\\u0442\\u0430\\u0432\\u043a\\u0435, \\u0438 \\u043c\\u043e\\u043d\\u0442\\u0430\\u0436\\u0443 \\u043c\\u0435\\u0431\\u0435\\u043b\\u0438 \\u043b\\u044e\\u0431\\u043e\\u0439 \\u043a\\u043e\\u043d\\u0444\\u0438\\u0433\\u0443\\u0440\\u0430\\u0446\\u0438\\u0438 \\u0438 \\u0441\\u043b\\u043e\\u0436\\u043d\\u043e\\u0441\\u0442\\u0438. \\u041f\\u043e\\u043b\\u043d\\u043e\\u0435 \\u0432\\u0435\\u0434\\u0435\\u043d\\u0438\\u0435 \\u0438\\u043d\\u0434\\u0438\\u0432\\u0438\\u0434\\u0443\\u0430\\u043b\\u044c\\u043d\\u043e\\u0433\\u043e \\u043f\\u0440\\u043e\\u0435\\u043a\\u0442\\u0430 \\u043e\\u0442 \\u0437\\u0430\\u043c\\u0435\\u0440\\u0430 \\u0434\\u043e \\u043c\\u043e\\u043d\\u0442\\u0430\\u0436\\u0430.</p><p>\\u041e\\u0441\\u043d\\u043e\\u0432\\u043d\\u044b\\u0435 \\u043d\\u0430\\u043f\\u0440\\u0430\\u0432\\u043b\\u0435\\u043d\\u0438\\u044f \\u043d\\u0430\\u0448\\u0435\\u0439 \\u0434\\u0435\\u044f\\u0442\\u0435\\u043b\\u044c\\u043d\\u043e\\u0441\\u0442\\u0438 \\u2013 \\u044d\\u0442\\u043e \\u0438\\u0437\\u0433\\u043e\\u0442\\u043e\\u0432\\u043b\\u0435\\u043d\\u0438\\u0435 \\u043c\\u0435\\u0431\\u0435\\u043b\\u0438 \\u0434\\u043b\\u044f \\u0434\\u043e\\u043c\\u0430: \\u043a\\u0443\\u0445\\u043d\\u0438, \\u043f\\u0440\\u0438\\u0445\\u043e\\u0436\\u0438\\u0435, \\u0441\\u043f\\u0430\\u043b\\u044c\\u043d\\u0438, \\u0433\\u0430\\u0440\\u0434\\u0435\\u0440\\u043e\\u0431\\u043d\\u044b\\u0435, \\u0433\\u043e\\u0441\\u0442\\u0438\\u043d\\u044b\\u0435, \\u0432\\u0430\\u043d\\u043d\\u044b\\u0435 \\u043a\\u043e\\u043c\\u043d\\u0430\\u0442\\u044b, \\u0434\\u0435\\u0442\\u0441\\u043a\\u0438\\u0435. \\u0428\\u043a\\u0430\\u0444\\u044b-\\u043a\\u0443\\u043f\\u0435, \\u0441\\u0442\\u043e\\u043b\\u0435\\u0448\\u043d\\u0438\\u0446\\u044b, \\u043a\\u043e\\u043c\\u043e\\u0434\\u044b, \\u043a\\u0440\\u043e\\u0432\\u0430\\u0442\\u0438. \\u041a\\u043e\\u043c\\u043c\\u0435\\u0440\\u0447\\u0435\\u0441\\u043a\\u0430\\u044f \\u043c\\u0435\\u0431\\u0435\\u043b\\u044c \\u0434\\u043b\\u044f \\u043c\\u0430\\u0433\\u0430\\u0437\\u0438\\u043d\\u043e\\u0432, \\u0440\\u0435\\u0441\\u0442\\u043e\\u0440\\u0430\\u043d\\u043e\\u0432, \\u0433\\u043e\\u0441\\u0442\\u0438\\u043d\\u0438\\u0446. \\u041f\\u0440\\u043e\\u0438\\u0437\\u0432\\u043e\\u0434\\u0441\\u0442\\u0432\\u043e \\u043e\\u0444\\u0438\\u0441\\u043d\\u043e\\u0439 \\u043c\\u0435\\u0431\\u0435\\u043b\\u0438. \\u0422\\u0430\\u043a\\u0436\\u0435 \\u043c\\u044b \\u0437\\u0430\\u043d\\u0438\\u043c\\u0430\\u0435\\u043c\\u0441\\u044f \\u0438\\u0437\\u0433\\u043e\\u0442\\u043e\\u0432\\u043b\\u0435\\u043d\\u0438\\u0435\\u043c \\u0441\\u0442\\u0435\\u043d\\u043e\\u0432\\u044b\\u0445 \\u043f\\u0430\\u043d\\u0435\\u043b\\u0435\\u0439 \\u0438 \\u0432\\u044b\\u0441\\u0442\\u0430\\u0432\\u043e\\u0447\\u043d\\u044b\\u0445 \\u0441\\u0442\\u0435\\u043d\\u0434\\u043e\\u0432.</p><p>\\u041c\\u044b \\u043f\\u0440\\u0435\\u0434\\u043b\\u0430\\u0433\\u0430\\u0435\\u043c \\u0438\\u0441\\u043a\\u043b\\u044e\\u0447\\u0438\\u0442\\u0435\\u043b\\u044c\\u043d\\u043e \\u043a\\u0430\\u0447\\u0435\\u0441\\u0442\\u0432\\u0435\\u043d\\u043d\\u043e\\u0435 \\u043e\\u0431\\u0441\\u043b\\u0443\\u0436\\u0438\\u0432\\u0430\\u043d\\u0438\\u0435 \\u0438 \\u0441\\u043e\\u0432\\u0440\\u0435\\u043c\\u0435\\u043d\\u043d\\u044b\\u0435 \\u0443\\u0441\\u043b\\u0443\\u0433\\u0438.<br/>\\u041f\\u0440\\u043e\\u0444\\u0435\\u0441\\u0441\\u0438\\u043e\\u043d\\u0430\\u043b\\u044c\\u043d\\u044b\\u0439 \\u043a\\u043e\\u043b\\u043b\\u0435\\u043a\\u0442\\u0438\\u0432 \\u041c\\u0415\\u041a\\u0410 \\u043c\\u0435\\u0431\\u0435\\u043b\\u044c \\u2013 \\u0441\\u0434\\u0435\\u043b\\u0430\\u0435\\u0442 \\u0434\\u043b\\u044f \\u0432\\u0430\\u0441 \\u043a\\u0430\\u0447\\u0435\\u0441\\u0442\\u0432\\u0435\\u043d\\u043d\\u0443\\u044e, \\u0441\\u0442\\u0438\\u043b\\u044c\\u043d\\u0443\\u044e \\u0438 \\u0443\\u0434\\u043e\\u0431\\u043d\\u0443\\u044e \\u043c\\u0435\\u0431\\u0435\\u043b\\u044c!</p><p>\\u041f\\u0440\\u043e\\u0438\\u0437\\u0432\\u043e\\u0434\\u0441\\u0442\\u0432\\u043e \\u043d\\u0430\\u0448\\u0435\\u0439 \\u043a\\u043e\\u043c\\u043f\\u0430\\u043d\\u0438\\u0438 \\u043e\\u0441\\u043d\\u0430\\u0449\\u0435\\u043d\\u043e \\u0442\\u043e\\u043b\\u044c\\u043a\\u043e \\u0441\\u043e\\u0432\\u0440\\u0435\\u043c\\u0435\\u043d\\u043d\\u044b\\u043c \\u043d\\u0435\\u043c\\u0435\\u0446\\u043a\\u0438\\u043c \\u043e\\u0431\\u043e\\u0440\\u0443\\u0434\\u043e\\u0432\\u0430\\u043d\\u0438\\u0435\\u043c.</p><p>\\u041f\\u0440\\u0438 \\u0438\\u0437\\u0433\\u043e\\u0442\\u043e\\u0432\\u043b\\u0435\\u043d\\u0438\\u0438 \\u043c\\u0435\\u0431\\u0435\\u043b\\u0438 \\u0438\\u0441\\u043f\\u043e\\u043b\\u044c\\u0437\\u0443\\u044e\\u0442\\u0441\\u044f \\u0442\\u043e\\u043b\\u044c\\u043a\\u043e \\u043b\\u0443\\u0447\\u0448\\u0438\\u0435 \\u043c\\u0430\\u0442\\u0435\\u0440\\u0438\\u0430\\u043b\\u044b. \\u041c\\u044b \\u0441 \\u0440\\u0430\\u0434\\u043e\\u0441\\u0442\\u044c\\u044e \\u043f\\u043e\\u043c\\u043e\\u0436\\u0435\\u043c \\u0432\\u0430\\u043c \\u0441\\u043e\\u0437\\u0434\\u0430\\u0442\\u044c \\u043d\\u0435\\u043f\\u043e\\u0432\\u0442\\u043e\\u0440\\u0438\\u043c\\u044b\\u0439 \\u0438\\u043d\\u0442\\u0435\\u0440\\u044c\\u0435\\u0440 \\u0434\\u043b\\u044f \\u0432\\u0430\\u0448\\u0435\\u0433\\u043e \\u0434\\u043e\\u043c\\u0430, \\u043e\\u0444\\u0438\\u0441\\u0430, \\u043c\\u0430\\u0433\\u0430\\u0437\\u0438\\u043d\\u0430.</p>\", \"image\": 5, \"image_text\": \"<p>\\u041d\\u0430\\u0448\\u0430 \\u043a\\u043e\\u043c\\u043f\\u0430\\u043d\\u0438\\u044f \\u0437\\u0430\\u043d\\u0438\\u043c\\u0430\\u0435\\u0442\\u0441\\u044f \\u043f\\u0440\\u043e\\u0435\\u043a\\u0442\\u0438\\u0440\\u043e\\u0432\\u0430\\u043d\\u0438\\u0435\\u043c \\u0438 \\u0438\\u0437\\u0433\\u043e\\u0442\\u043e\\u0432\\u043b\\u0435\\u043d\\u0438\\u0435\\u043c \\u043c\\u0435\\u0431\\u0435\\u043b\\u0438 \\u043f\\u043e \\u0438\\u043d\\u0434\\u0438\\u0432\\u0438\\u0434\\u0443\\u0430\\u043b\\u044c\\u043d\\u044b\\u043c \\u0437\\u0430\\u043a\\u0430\\u0437\\u0430\\u043c.</p>\"}",
      "approved_go_live_at": null
   }
},
{
   "model": "wagtailcore.pagerevision",
   "pk": 11,
   "fields": {
      "page": 9,
      "submitted_for_moderation": false,
      "created_at": "2019-11-17T09:37:15.376Z",
      "user": 1,
      "content_json": "{\"pk\": 9, \"path\": \"000100010001\", \"depth\": 3, \"numchild\": 0, \"title\": \"\\u041e \\u041d\\u0430\\u0441\", \"draft_title\": \"\\u041e \\u041d\\u0430\\u0441\", \"slug\": \"about\", \"content_type\": 32, \"live\": true, \"has_unpublished_changes\": false, \"url_path\": \"/home/\\u043e-\\u043d\\u0430\\u0441/\", \"owner\": 1, \"seo_title\": \"\", \"show_in_menus\": false, \"search_description\": \"\", \"go_live_at\": null, \"expire_at\": null, \"expired\": false, \"locked\": false, \"first_published_at\": \"2019-11-17T09:33:25.169Z\", \"last_published_at\": \"2019-11-17T09:33:25.169Z\", \"latest_revision_created_at\": \"2019-11-17T09:33:25.093Z\", \"live_revision\": 10, \"title_field\": \"\\u0427\\u0442\\u043e \\u043c\\u044b \\u043f\\u0440\\u0435\\u0434\\u043b\\u0430\\u0433\\u0430\\u0435\\u043c\", \"main_text\": \"<p></p><p>\\u041c\\u044b \\u043f\\u0440\\u0435\\u0434\\u043e\\u0441\\u0442\\u0430\\u0432\\u043b\\u044f\\u0435\\u043c \\u0443\\u0441\\u043b\\u0443\\u0433\\u0438 \\u043f\\u043e \\u043f\\u0440\\u043e\\u0438\\u0437\\u0432\\u043e\\u0434\\u0441\\u0442\\u0432\\u0443, \\u0434\\u043e\\u0441\\u0442\\u0430\\u0432\\u043a\\u0435, \\u0438 \\u043c\\u043e\\u043d\\u0442\\u0430\\u0436\\u0443 \\u043c\\u0435\\u0431\\u0435\\u043b\\u0438 \\u043b\\u044e\\u0431\\u043e\\u0439 \\u043a\\u043e\\u043d\\u0444\\u0438\\u0433\\u0443\\u0440\\u0430\\u0446\\u0438\\u0438 \\u0438 \\u0441\\u043b\\u043e\\u0436\\u043d\\u043e\\u0441\\u0442\\u0438. \\u041f\\u043e\\u043b\\u043d\\u043e\\u0435 \\u0432\\u0435\\u0434\\u0435\\u043d\\u0438\\u0435 \\u0438\\u043d\\u0434\\u0438\\u0432\\u0438\\u0434\\u0443\\u0430\\u043b\\u044c\\u043d\\u043e\\u0433\\u043e \\u043f\\u0440\\u043e\\u0435\\u043a\\u0442\\u0430 \\u043e\\u0442 \\u0437\\u0430\\u043c\\u0435\\u0440\\u0430 \\u0434\\u043e \\u043c\\u043e\\u043d\\u0442\\u0430\\u0436\\u0430.</p><p>\\u041e\\u0441\\u043d\\u043e\\u0432\\u043d\\u044b\\u0435 \\u043d\\u0430\\u043f\\u0440\\u0430\\u0432\\u043b\\u0435\\u043d\\u0438\\u044f \\u043d\\u0430\\u0448\\u0435\\u0439 \\u0434\\u0435\\u044f\\u0442\\u0435\\u043b\\u044c\\u043d\\u043e\\u0441\\u0442\\u0438 \\u2013 \\u044d\\u0442\\u043e \\u0438\\u0437\\u0433\\u043e\\u0442\\u043e\\u0432\\u043b\\u0435\\u043d\\u0438\\u0435 \\u043c\\u0435\\u0431\\u0435\\u043b\\u0438 \\u0434\\u043b\\u044f \\u0434\\u043e\\u043c\\u0430: \\u043a\\u0443\\u0445\\u043d\\u0438, \\u043f\\u0440\\u0438\\u0445\\u043e\\u0436\\u0438\\u0435, \\u0441\\u043f\\u0430\\u043b\\u044c\\u043d\\u0438, \\u0433\\u0430\\u0440\\u0434\\u0435\\u0440\\u043e\\u0431\\u043d\\u044b\\u0435, \\u0433\\u043e\\u0441\\u0442\\u0438\\u043d\\u044b\\u0435, \\u0432\\u0430\\u043d\\u043d\\u044b\\u0435 \\u043a\\u043e\\u043c\\u043d\\u0430\\u0442\\u044b, \\u0434\\u0435\\u0442\\u0441\\u043a\\u0438\\u0435. \\u0428\\u043a\\u0430\\u0444\\u044b-\\u043a\\u0443\\u043f\\u0435, \\u0441\\u0442\\u043e\\u043b\\u0435\\u0448\\u043d\\u0438\\u0446\\u044b, \\u043a\\u043e\\u043c\\u043e\\u0434\\u044b, \\u043a\\u0440\\u043e\\u0432\\u0430\\u0442\\u0438. \\u041a\\u043e\\u043c\\u043c\\u0435\\u0440\\u0447\\u0435\\u0441\\u043a\\u0430\\u044f \\u043c\\u0435\\u0431\\u0435\\u043b\\u044c \\u0434\\u043b\\u044f \\u043c\\u0430\\u0433\\u0430\\u0437\\u0438\\u043d\\u043e\\u0432, \\u0440\\u0435\\u0441\\u0442\\u043e\\u0440\\u0430\\u043d\\u043e\\u0432, \\u0433\\u043e\\u0441\\u0442\\u0438\\u043d\\u0438\\u0446. \\u041f\\u0440\\u043e\\u0438\\u0437\\u0432\\u043e\\u0434\\u0441\\u0442\\u0432\\u043e \\u043e\\u0444\\u0438\\u0441\\u043d\\u043e\\u0439 \\u043c\\u0435\\u0431\\u0435\\u043b\\u0438. \\u0422\\u0430\\u043a\\u0436\\u0435 \\u043c\\u044b \\u0437\\u0430\\u043d\\u0438\\u043c\\u0430\\u0435\\u043c\\u0441\\u044f \\u0438\\u0437\\u0433\\u043e\\u0442\\u043e\\u0432\\u043b\\u0435\\u043d\\u0438\\u0435\\u043c \\u0441\\u0442\\u0435\\u043d\\u043e\\u0432\\u044b\\u0445 \\u043f\\u0430\\u043d\\u0435\\u043b\\u0435\\u0439 \\u0438 \\u0432\\u044b\\u0441\\u0442\\u0430\\u0432\\u043e\\u0447\\u043d\\u044b\\u0445 \\u0441\\u0442\\u0435\\u043d\\u0434\\u043e\\u0432.</p><p>\\u041c\\u044b \\u043f\\u0440\\u0435\\u0434\\u043b\\u0430\\u0433\\u0430\\u0435\\u043c \\u0438\\u0441\\u043a\\u043b\\u044e\\u0447\\u0438\\u0442\\u0435\\u043b\\u044c\\u043d\\u043e \\u043a\\u0430\\u0447\\u0435\\u0441\\u0442\\u0432\\u0435\\u043d\\u043d\\u043e\\u0435 \\u043e\\u0431\\u0441\\u043b\\u0443\\u0436\\u0438\\u0432\\u0430\\u043d\\u0438\\u0435 \\u0438 \\u0441\\u043e\\u0432\\u0440\\u0435\\u043c\\u0435\\u043d\\u043d\\u044b\\u0435 \\u0443\\u0441\\u043b\\u0443\\u0433\\u0438.<br/>\\u041f\\u0440\\u043e\\u0444\\u0435\\u0441\\u0441\\u0438\\u043e\\u043d\\u0430\\u043b\\u044c\\u043d\\u044b\\u0439 \\u043a\\u043e\\u043b\\u043b\\u0435\\u043a\\u0442\\u0438\\u0432 \\u041c\\u0415\\u041a\\u0410 \\u043c\\u0435\\u0431\\u0435\\u043b\\u044c \\u2013 \\u0441\\u0434\\u0435\\u043b\\u0430\\u0435\\u0442 \\u0434\\u043b\\u044f \\u0432\\u0430\\u0441 \\u043a\\u0430\\u0447\\u0435\\u0441\\u0442\\u0432\\u0435\\u043d\\u043d\\u0443\\u044e, \\u0441\\u0442\\u0438\\u043b\\u044c\\u043d\\u0443\\u044e \\u0438 \\u0443\\u0434\\u043e\\u0431\\u043d\\u0443\\u044e \\u043c\\u0435\\u0431\\u0435\\u043b\\u044c!</p><p>\\u041f\\u0440\\u043e\\u0438\\u0437\\u0432\\u043e\\u0434\\u0441\\u0442\\u0432\\u043e \\u043d\\u0430\\u0448\\u0435\\u0439 \\u043a\\u043e\\u043c\\u043f\\u0430\\u043d\\u0438\\u0438 \\u043e\\u0441\\u043d\\u0430\\u0449\\u0435\\u043d\\u043e \\u0442\\u043e\\u043b\\u044c\\u043a\\u043e \\u0441\\u043e\\u0432\\u0440\\u0435\\u043c\\u0435\\u043d\\u043d\\u044b\\u043c \\u043d\\u0435\\u043c\\u0435\\u0446\\u043a\\u0438\\u043c \\u043e\\u0431\\u043e\\u0440\\u0443\\u0434\\u043e\\u0432\\u0430\\u043d\\u0438\\u0435\\u043c.</p><p>\\u041f\\u0440\\u0438 \\u0438\\u0437\\u0433\\u043e\\u0442\\u043e\\u0432\\u043b\\u0435\\u043d\\u0438\\u0438 \\u043c\\u0435\\u0431\\u0435\\u043b\\u0438 \\u0438\\u0441\\u043f\\u043e\\u043b\\u044c\\u0437\\u0443\\u044e\\u0442\\u0441\\u044f \\u0442\\u043e\\u043b\\u044c\\u043a\\u043e \\u043b\\u0443\\u0447\\u0448\\u0438\\u0435 \\u043c\\u0430\\u0442\\u0435\\u0440\\u0438\\u0430\\u043b\\u044b. \\u041c\\u044b \\u0441 \\u0440\\u0430\\u0434\\u043e\\u0441\\u0442\\u044c\\u044e \\u043f\\u043e\\u043c\\u043e\\u0436\\u0435\\u043c \\u0432\\u0430\\u043c \\u0441\\u043e\\u0437\\u0434\\u0430\\u0442\\u044c \\u043d\\u0435\\u043f\\u043e\\u0432\\u0442\\u043e\\u0440\\u0438\\u043c\\u044b\\u0439 \\u0438\\u043d\\u0442\\u0435\\u0440\\u044c\\u0435\\u0440 \\u0434\\u043b\\u044f \\u0432\\u0430\\u0448\\u0435\\u0433\\u043e \\u0434\\u043e\\u043c\\u0430, \\u043e\\u0444\\u0438\\u0441\\u0430, \\u043c\\u0430\\u0433\\u0430\\u0437\\u0438\\u043d\\u0430.</p>\", \"image\": 5, \"image_text\": \"<p>\\u041d\\u0430\\u0448\\u0430 \\u043a\\u043e\\u043c\\u043f\\u0430\\u043d\\u0438\\u044f \\u0437\\u0430\\u043d\\u0438\\u043c\\u0430\\u0435\\u0442\\u0441\\u044f \\u043f\\u0440\\u043e\\u0435\\u043a\\u0442\\u0438\\u0440\\u043e\\u0432\\u0430\\u043d\\u0438\\u0435\\u043c \\u0438 \\u0438\\u0437\\u0433\\u043e\\u0442\\u043e\\u0432\\u043b\\u0435\\u043d\\u0438\\u0435\\u043c \\u043c\\u0435\\u0431\\u0435\\u043b\\u0438 \\u043f\\u043e \\u0438\\u043d\\u0434\\u0438\\u0432\\u0438\\u0434\\u0443\\u0430\\u043b\\u044c\\u043d\\u044b\\u043c \\u0437\\u0430\\u043a\\u0430\\u0437\\u0430\\u043c.</p>\"}",
      "approved_go_live_at": null
   }
},
{
   "model": "wagtailcore.pagerevision",
   "pk": 12,
   "fields": {
      "page": 10,
      "submitted_for_moderation": false,
      "created_at": "2019-11-17T15:19:42.291Z",
      "user": 1,
      "content_json": "{\"pk\": 10, \"path\": \"0001000100010001\", \"depth\": 4, \"numchild\": 0, \"title\": \"\\u041c\\u0435\\u0431\\u0435\\u043b\\u044c \\u0434\\u043b\\u044f \\u0434\\u043e\\u043c\\u0430\", \"draft_title\": \"\\u041c\\u0435\\u0431\\u0435\\u043b\\u044c \\u0434\\u043b\\u044f \\u0434\\u043e\\u043c\\u0430\", \"slug\": \"mebel-dlya-doma\", \"content_type\": 33, \"live\": true, \"has_unpublished_changes\": false, \"url_path\": \"/home/about/mebel-dlya-doma/\", \"owner\": 1, \"seo_title\": \"\", \"show_in_menus\": false, \"search_description\": \"\", \"go_live_at\": null, \"expire_at\": null, \"expired\": false, \"locked\": false, \"first_published_at\": null, \"last_published_at\": null, \"latest_revision_created_at\": null, \"live_revision\": null, \"title_field\": \"\\u041c\\u0435\\u0431\\u0435\\u043b\\u044c \\u0434\\u043b\\u044f \\u0434\\u043e\\u043c\\u0430\", \"main_text\": \"<p> \\u041a\\u0443\\u0445\\u043d\\u0438, \\u0433\\u043e\\u0441\\u0442\\u0438\\u043d\\u044b\\u0435 \\u0438 \\u0441\\u043f\\u0430\\u043b\\u044c\\u043d\\u0438 \\u2013 \\u044d\\u0442\\u043e \\u0434\\u043e\\u0440\\u043e\\u0433\\u043e\\u0441\\u0442\\u043e\\u044f\\u0449\\u0438\\u0439 \\u0442\\u043e\\u0432\\u0430\\u0440, \\u043a\\u043e\\u0442\\u043e\\u0440\\u044b\\u0439 \\u043d\\u0435 \\u043e\\u0442\\u043d\\u043e\\u0441\\u0438\\u0442\\u0441\\u044f \\u043a \\u043f\\u0440\\u0435\\u0434\\u043c\\u0435\\u0442\\u0430\\u043c \\u043f\\u0435\\u0440\\u0432\\u043e\\u0439 \\u0438 \\u0434\\u0430\\u0436\\u0435 \\u0432\\u0442\\u043e\\u0440\\u043e\\u0439 \\u043d\\u0435\\u043e\\u0431\\u0445\\u043e\\u0434\\u0438\\u043c\\u043e\\u0441\\u0442\\u0438. \\u0422\\u0430\\u043a\\u0443\\u044e \\u043f\\u043e\\u043a\\u0443\\u043f\\u043a\\u0443 \\u043d\\u0435\\u043b\\u044c\\u0437\\u044f \\u043e\\u0442\\u043d\\u0435\\u0441\\u0442\\u0438 \\u043a \\u0447\\u0438\\u0441\\u043b\\u0443 \\u0438\\u043c\\u043f\\u0443\\u043b\\u044c\\u0441\\u0438\\u0432\\u043d\\u044b\\u0445, \\u043e\\u043d\\u0430 \\u043f\\u043b\\u0430\\u043d\\u0438\\u0440\\u0443\\u0435\\u0442\\u0441\\u044f \\u0437\\u0430\\u0440\\u0430\\u043d\\u0435\\u0435 \\u043f\\u043e\\u0434 \\u0440\\u0430\\u0437\\u043c\\u0435\\u0440 \\u043f\\u043e\\u043c\\u0435\\u0449\\u0435\\u043d\\u0438\\u044f \\u0438 \\u0434\\u0438\\u0437\\u0430\\u0439\\u043d \\u0438\\u043d\\u0442\\u0435\\u0440\\u044c\\u0435\\u0440\\u0430. </p>\", \"image\": 6}",
      "approved_go_live_at": null
   }
},
{
   "model": "wagtailcore.pagerevision",
   "pk": 13,
   "fields": {
      "page": 9,
      "submitted_for_moderation": false,
      "created_at": "2019-11-17T16:13:46.583Z",
      "user": 1,
      "content_json": "{\"pk\": 9, \"path\": \"000100010001\", \"depth\": 3, \"numchild\": 1, \"title\": \"\\u041e \\u041d\\u0430\\u0441\", \"draft_title\": \"\\u041e \\u041d\\u0430\\u0441\", \"slug\": \"about\", \"content_type\": 32, \"live\": true, \"has_unpublished_changes\": false, \"url_path\": \"/home/about/\", \"owner\": 1, \"seo_title\": \"\", \"show_in_menus\": false, \"search_description\": \"\", \"go_live_at\": null, \"expire_at\": null, \"expired\": false, \"locked\": false, \"first_published_at\": \"2019-11-17T09:33:25.169Z\", \"last_published_at\": \"2019-11-17T09:37:15.440Z\", \"latest_revision_created_at\": \"2019-11-17T09:37:15.376Z\", \"live_revision\": 11, \"title_field\": \"\\u0427\\u0442\\u043e \\u043c\\u044b \\u043f\\u0440\\u0435\\u0434\\u043b\\u0430\\u0433\\u0430\\u0435\\u043c\", \"main_text\": \"<p></p><p>\\u041c\\u044b \\u043f\\u0440\\u0435\\u0434\\u043e\\u0441\\u0442\\u0430\\u0432\\u043b\\u044f\\u0435\\u043c \\u0443\\u0441\\u043b\\u0443\\u0433\\u0438 \\u043f\\u043e \\u043f\\u0440\\u043e\\u0438\\u0437\\u0432\\u043e\\u0434\\u0441\\u0442\\u0432\\u0443, \\u0434\\u043e\\u0441\\u0442\\u0430\\u0432\\u043a\\u0435, \\u0438 \\u043c\\u043e\\u043d\\u0442\\u0430\\u0436\\u0443 \\u043c\\u0435\\u0431\\u0435\\u043b\\u0438 \\u043b\\u044e\\u0431\\u043e\\u0439 \\u043a\\u043e\\u043d\\u0444\\u0438\\u0433\\u0443\\u0440\\u0430\\u0446\\u0438\\u0438 \\u0438 \\u0441\\u043b\\u043e\\u0436\\u043d\\u043e\\u0441\\u0442\\u0438. \\u041f\\u043e\\u043b\\u043d\\u043e\\u0435 \\u0432\\u0435\\u0434\\u0435\\u043d\\u0438\\u0435 \\u0438\\u043d\\u0434\\u0438\\u0432\\u0438\\u0434\\u0443\\u0430\\u043b\\u044c\\u043d\\u043e\\u0433\\u043e \\u043f\\u0440\\u043e\\u0435\\u043a\\u0442\\u0430 \\u043e\\u0442 \\u0437\\u0430\\u043c\\u0435\\u0440\\u0430 \\u0434\\u043e \\u043c\\u043e\\u043d\\u0442\\u0430\\u0436\\u0430.</p><p>\\u041e\\u0441\\u043d\\u043e\\u0432\\u043d\\u044b\\u0435 \\u043d\\u0430\\u043f\\u0440\\u0430\\u0432\\u043b\\u0435\\u043d\\u0438\\u044f \\u043d\\u0430\\u0448\\u0435\\u0439 \\u0434\\u0435\\u044f\\u0442\\u0435\\u043b\\u044c\\u043d\\u043e\\u0441\\u0442\\u0438 \\u2013 \\u044d\\u0442\\u043e \\u0438\\u0437\\u0433\\u043e\\u0442\\u043e\\u0432\\u043b\\u0435\\u043d\\u0438\\u0435 \\u043c\\u0435\\u0431\\u0435\\u043b\\u0438 \\u0434\\u043b\\u044f \\u0434\\u043e\\u043c\\u0430: \\u043a\\u0443\\u0445\\u043d\\u0438, \\u043f\\u0440\\u0438\\u0445\\u043e\\u0436\\u0438\\u0435, \\u0441\\u043f\\u0430\\u043b\\u044c\\u043d\\u0438, \\u0433\\u0430\\u0440\\u0434\\u0435\\u0440\\u043e\\u0431\\u043d\\u044b\\u0435, \\u0433\\u043e\\u0441\\u0442\\u0438\\u043d\\u044b\\u0435, \\u0432\\u0430\\u043d\\u043d\\u044b\\u0435 \\u043a\\u043e\\u043c\\u043d\\u0430\\u0442\\u044b, \\u0434\\u0435\\u0442\\u0441\\u043a\\u0438\\u0435. \\u0428\\u043a\\u0430\\u0444\\u044b-\\u043a\\u0443\\u043f\\u0435, \\u0441\\u0442\\u043e\\u043b\\u0435\\u0448\\u043d\\u0438\\u0446\\u044b, \\u043a\\u043e\\u043c\\u043e\\u0434\\u044b, \\u043a\\u0440\\u043e\\u0432\\u0430\\u0442\\u0438. \\u041a\\u043e\\u043c\\u043c\\u0435\\u0440\\u0447\\u0435\\u0441\\u043a\\u0430\\u044f \\u043c\\u0435\\u0431\\u0435\\u043b\\u044c \\u0434\\u043b\\u044f \\u043c\\u0430\\u0433\\u0430\\u0437\\u0438\\u043d\\u043e\\u0432, \\u0440\\u0435\\u0441\\u0442\\u043e\\u0440\\u0430\\u043d\\u043e\\u0432, \\u0433\\u043e\\u0441\\u0442\\u0438\\u043d\\u0438\\u0446. \\u041f\\u0440\\u043e\\u0438\\u0437\\u0432\\u043e\\u0434\\u0441\\u0442\\u0432\\u043e \\u043e\\u0444\\u0438\\u0441\\u043d\\u043e\\u0439 \\u043c\\u0435\\u0431\\u0435\\u043b\\u0438. \\u0422\\u0430\\u043a\\u0436\\u0435 \\u043c\\u044b \\u0437\\u0430\\u043d\\u0438\\u043c\\u0430\\u0435\\u043c\\u0441\\u044f \\u0438\\u0437\\u0433\\u043e\\u0442\\u043e\\u0432\\u043b\\u0435\\u043d\\u0438\\u0435\\u043c \\u0441\\u0442\\u0435\\u043d\\u043e\\u0432\\u044b\\u0445 \\u043f\\u0430\\u043d\\u0435\\u043b\\u0435\\u0439 \\u0438 \\u0432\\u044b\\u0441\\u0442\\u0430\\u0432\\u043e\\u0447\\u043d\\u044b\\u0445 \\u0441\\u0442\\u0435\\u043d\\u0434\\u043e\\u0432.</p><p>\\u041c\\u044b \\u043f\\u0440\\u0435\\u0434\\u043b\\u0430\\u0433\\u0430\\u0435\\u043c \\u0438\\u0441\\u043a\\u043b\\u044e\\u0447\\u0438\\u0442\\u0435\\u043b\\u044c\\u043d\\u043e \\u043a\\u0430\\u0447\\u0435\\u0441\\u0442\\u0432\\u0435\\u043d\\u043d\\u043e\\u0435 \\u043e\\u0431\\u0441\\u043b\\u0443\\u0436\\u0438\\u0432\\u0430\\u043d\\u0438\\u0435 \\u0438 \\u0441\\u043e\\u0432\\u0440\\u0435\\u043c\\u0435\\u043d\\u043d\\u044b\\u0435 \\u0443\\u0441\\u043b\\u0443\\u0433\\u0438.<br/>\\u041f\\u0440\\u043e\\u0444\\u0435\\u0441\\u0441\\u0438\\u043e\\u043d\\u0430\\u043b\\u044c\\u043d\\u044b\\u0439 \\u043a\\u043e\\u043b\\u043b\\u0435\\u043a\\u0442\\u0438\\u0432 \\u041c\\u0415\\u041a\\u0410 \\u043c\\u0435\\u0431\\u0435\\u043b\\u044c \\u2013 \\u0441\\u0434\\u0435\\u043b\\u0430\\u0435\\u0442 \\u0434\\u043b\\u044f \\u0432\\u0430\\u0441 \\u043a\\u0430\\u0447\\u0435\\u0441\\u0442\\u0432\\u0435\\u043d\\u043d\\u0443\\u044e, \\u0441\\u0442\\u0438\\u043b\\u044c\\u043d\\u0443\\u044e \\u0438 \\u0443\\u0434\\u043e\\u0431\\u043d\\u0443\\u044e \\u043c\\u0435\\u0431\\u0435\\u043b\\u044c!</p><p>\\u041f\\u0440\\u043e\\u0438\\u0437\\u0432\\u043e\\u0434\\u0441\\u0442\\u0432\\u043e \\u043d\\u0430\\u0448\\u0435\\u0439 \\u043a\\u043e\\u043c\\u043f\\u0430\\u043d\\u0438\\u0438 \\u043e\\u0441\\u043d\\u0430\\u0449\\u0435\\u043d\\u043e \\u0442\\u043e\\u043b\\u044c\\u043a\\u043e \\u0441\\u043e\\u0432\\u0440\\u0435\\u043c\\u0435\\u043d\\u043d\\u044b\\u043c \\u043d\\u0435\\u043c\\u0435\\u0446\\u043a\\u0438\\u043c \\u043e\\u0431\\u043e\\u0440\\u0443\\u0434\\u043e\\u0432\\u0430\\u043d\\u0438\\u0435\\u043c.</p><p>\\u041f\\u0440\\u0438 \\u0438\\u0437\\u0433\\u043e\\u0442\\u043e\\u0432\\u043b\\u0435\\u043d\\u0438\\u0438 \\u043c\\u0435\\u0431\\u0435\\u043b\\u0438 \\u0438\\u0441\\u043f\\u043e\\u043b\\u044c\\u0437\\u0443\\u044e\\u0442\\u0441\\u044f \\u0442\\u043e\\u043b\\u044c\\u043a\\u043e \\u043b\\u0443\\u0447\\u0448\\u0438\\u0435 \\u043c\\u0430\\u0442\\u0435\\u0440\\u0438\\u0430\\u043b\\u044b. \\u041c\\u044b \\u0441 \\u0440\\u0430\\u0434\\u043e\\u0441\\u0442\\u044c\\u044e \\u043f\\u043e\\u043c\\u043e\\u0436\\u0435\\u043c \\u0432\\u0430\\u043c \\u0441\\u043e\\u0437\\u0434\\u0430\\u0442\\u044c \\u043d\\u0435\\u043f\\u043e\\u0432\\u0442\\u043e\\u0440\\u0438\\u043c\\u044b\\u0439 \\u0438\\u043d\\u0442\\u0435\\u0440\\u044c\\u0435\\u0440 \\u0434\\u043b\\u044f \\u0432\\u0430\\u0448\\u0435\\u0433\\u043e \\u0434\\u043e\\u043c\\u0430, \\u043e\\u0444\\u0438\\u0441\\u0430, \\u043c\\u0430\\u0433\\u0430\\u0437\\u0438\\u043d\\u0430.</p>\", \"image\": 5, \"image_text\": \"<p>\\u041d\\u0430\\u0448\\u0430 \\u043a\\u043e\\u043c\\u043f\\u0430\\u043d\\u0438\\u044f \\u0437\\u0430\\u043d\\u0438\\u043c\\u0430\\u0435\\u0442\\u0441\\u044f \\u043f\\u0440\\u043e\\u0435\\u043a\\u0442\\u0438\\u0440\\u043e\\u0432\\u0430\\u043d\\u0438\\u0435\\u043c \\u0438 \\u0438\\u0437\\u0433\\u043e\\u0442\\u043e\\u0432\\u043b\\u0435\\u043d\\u0438\\u0435\\u043c \\u043c\\u0435\\u0431\\u0435\\u043b\\u0438 \\u043f\\u043e \\u0438\\u043d\\u0434\\u0438\\u0432\\u0438\\u0434\\u0443\\u0430\\u043b\\u044c\\u043d\\u044b\\u043c \\u0437\\u0430\\u043a\\u0430\\u0437\\u0430\\u043c.</p>\", \"services_section\": 9}",
      "approved_go_live_at": null
   }
},
{
   "model": "wagtailcore.pagerevision",
   "pk": 14,
   "fields": {
      "page": 3,
      "submitted_for_moderation": false,
      "created_at": "2019-11-17T16:20:10.538Z",
      "user": 1,
      "content_json": "{\"pk\": 3, \"path\": \"00010001\", \"depth\": 2, \"numchild\": 1, \"title\": \"Home\", \"draft_title\": \"Home\", \"slug\": \"home\", \"content_type\": 2, \"live\": true, \"has_unpublished_changes\": false, \"url_path\": \"/home/\", \"owner\": null, \"seo_title\": \"some title test\", \"show_in_menus\": true, \"search_description\": \"some desc for seo test\\r\\ndsfsf\", \"go_live_at\": null, \"expire_at\": null, \"expired\": false, \"locked\": false, \"first_published_at\": \"2019-11-15T09:01:42.415Z\", \"last_published_at\": \"2019-11-15T15:07:08.990Z\", \"latest_revision_created_at\": \"2019-11-15T15:07:08.926Z\", \"live_revision\": 9, \"some_text\": \"<p>some</p>\", \"title_field\": \"some\", \"image_about\": 7, \"image_news\": 8, \"image_works\": 2, \"slideshow_section\": 5, \"slideshow_section_title\": null, \"about_us_link\": null}",
      "approved_go_live_at": null
   }
},
{
   "model": "wagtailcore.pagerevision",
   "pk": 15,
   "fields": {
      "page": 11,
      "submitted_for_moderation": false,
      "created_at": "2019-11-17T19:34:04.725Z",
      "user": 1,
      "content_json": "{\"pk\": 11, \"path\": \"000100010002\", \"depth\": 3, \"numchild\": 0, \"title\": \"test\", \"draft_title\": \"test\", \"slug\": \"contact\", \"content_type\": 34, \"live\": true, \"has_unpublished_changes\": false, \"url_path\": \"/home/contact/\", \"owner\": 1, \"seo_title\": \"\", \"show_in_menus\": false, \"search_description\": \"\", \"go_live_at\": null, \"expire_at\": null, \"expired\": false, \"locked\": false, \"first_published_at\": null, \"last_published_at\": null, \"latest_revision_created_at\": null, \"live_revision\": null, \"to_address\": \"\", \"from_address\": \"\", \"subject\": \"\", \"thank_you_text\": \"<p>text</p>\", \"form_fields\": []}",
      "approved_go_live_at": null
   }
},
{
   "model": "wagtailcore.pagerevision",
   "pk": 16,
   "fields": {
      "page": 11,
      "submitted_for_moderation": false,
      "created_at": "2019-11-17T20:43:31.258Z",
      "user": 1,
      "content_json": "{\"pk\": 11, \"path\": \"000100010002\", \"depth\": 3, \"numchild\": 0, \"title\": \"\\u041a\\u043e\\u043d\\u0442\\u0430\\u043a\\u0442\\u044b\", \"draft_title\": \"test\", \"slug\": \"contact\", \"content_type\": 34, \"live\": true, \"has_unpublished_changes\": false, \"url_path\": \"/home/contact/\", \"owner\": 1, \"seo_title\": \"\", \"show_in_menus\": false, \"search_description\": \"\", \"go_live_at\": null, \"expire_at\": null, \"expired\": false, \"locked\": false, \"first_published_at\": \"2019-11-17T19:34:04.874Z\", \"last_published_at\": \"2019-11-17T19:34:04.874Z\", \"latest_revision_created_at\": \"2019-11-17T19:34:04.725Z\", \"live_revision\": 15, \"to_address\": \"\", \"from_address\": \"\", \"subject\": \"\", \"thank_you_text\": \"<p>\\u0421\\u043f\\u0430\\u0441\\u0438\\u0431\\u043e </p>\", \"form_fields\": [{\"pk\": null, \"sort_order\": 0, \"label\": \"\\u0412\\u0430\\u0448\\u0435 \\u0438\\u043c\\u044f\", \"field_type\": \"singleline\", \"required\": true, \"choices\": \"\", \"default_value\": \"\", \"help_text\": \"\", \"page\": 11}, {\"pk\": null, \"sort_order\": 1, \"label\": \"\\u0412\\u0430\\u0448 \\u0442\\u0435\\u043b\\u0435\\u0444\\u043e\\u043d\", \"field_type\": \"singleline\", \"required\": true, \"choices\": \"\", \"default_value\": \"\", \"help_text\": \"\", \"page\": 11}, {\"pk\": null, \"sort_order\": 2, \"label\": \"\\u0412\\u0430\\u0448 email\", \"field_type\": \"email\", \"required\": true, \"choices\": \"\", \"default_value\": \"\", \"help_text\": \"\", \"page\": 11}, {\"pk\": null, \"sort_order\": 3, \"label\": \"\\u0421\\u043e\\u043e\\u0431\\u0449\\u0435\\u043d\\u0438\\u0435 \\u0438\\u043b\\u0438 \\u0432\\u043e\\u043f\\u0440\\u043e\\u0441\", \"field_type\": \"multiline\", \"required\": true, \"choices\": \"\", \"default_value\": \"\", \"help_text\": \"\", \"page\": 11}]}",
      "approved_go_live_at": null
   }
},
{
   "model": "wagtailcore.pagerevision",
   "pk": 17,
   "fields": {
      "page": 11,
      "submitted_for_moderation": false,
      "created_at": "2019-11-18T07:55:14.163Z",
      "user": 1,
      "content_json": "{\"pk\": 11, \"path\": \"000100010002\", \"depth\": 3, \"numchild\": 0, \"title\": \"\\u041a\\u043e\\u043d\\u0442\\u0430\\u043a\\u0442\\u044b\", \"draft_title\": \"\\u041a\\u043e\\u043d\\u0442\\u0430\\u043a\\u0442\\u044b\", \"slug\": \"contact\", \"content_type\": 34, \"live\": true, \"has_unpublished_changes\": false, \"url_path\": \"/home/contact/\", \"owner\": 1, \"seo_title\": \"\", \"show_in_menus\": false, \"search_description\": \"\", \"go_live_at\": null, \"expire_at\": null, \"expired\": false, \"locked\": false, \"first_published_at\": \"2019-11-17T19:34:04.874Z\", \"last_published_at\": \"2019-11-17T20:43:31.338Z\", \"latest_revision_created_at\": \"2019-11-17T20:43:31.258Z\", \"live_revision\": 16, \"to_address\": \"meleshkodim2000@gmail.com\", \"from_address\": \"meleshkodim2000@gmail.com\", \"subject\": \"Wagtaik contact massage\", \"thank_you_text\": \"<p>\\u0421\\u043f\\u0430\\u0441\\u0438\\u0431\\u043e</p>\", \"form_fields\": [{\"pk\": 1, \"sort_order\": 0, \"label\": \"\\u0412\\u0430\\u0448\\u0435 \\u0438\\u043c\\u044f\", \"field_type\": \"singleline\", \"required\": true, \"choices\": \"\", \"default_value\": \"\", \"help_text\": \"\", \"page\": 11}, {\"pk\": 2, \"sort_order\": 1, \"label\": \"\\u0412\\u0430\\u0448 \\u0442\\u0435\\u043b\\u0435\\u0444\\u043e\\u043d\", \"field_type\": \"singleline\", \"required\": true, \"choices\": \"\", \"default_value\": \"\", \"help_text\": \"\", \"page\": 11}, {\"pk\": 3, \"sort_order\": 2, \"label\": \"\\u0412\\u0430\\u0448 email\", \"field_type\": \"email\", \"required\": true, \"choices\": \"\", \"default_value\": \"\", \"help_text\": \"\", \"page\": 11}, {\"pk\": 4, \"sort_order\": 3, \"label\": \"\\u0421\\u043e\\u043e\\u0431\\u0449\\u0435\\u043d\\u0438\\u0435 \\u0438\\u043b\\u0438 \\u0432\\u043e\\u043f\\u0440\\u043e\\u0441\", \"field_type\": \"multiline\", \"required\": true, \"choices\": \"\", \"default_value\": \"\", \"help_text\": \"\", \"page\": 11}]}",
      "approved_go_live_at": null
   }
},
{
   "model": "wagtailcore.pagerevision",
   "pk": 18,
   "fields": {
      "page": 11,
      "submitted_for_moderation": false,
      "created_at": "2019-11-18T10:48:27.420Z",
      "user": 1,
      "content_json": "{\"pk\": 11, \"path\": \"000100010002\", \"depth\": 3, \"numchild\": 0, \"title\": \"\\u041a\\u043e\\u043d\\u0442\\u0430\\u043a\\u0442\\u044b\", \"draft_title\": \"\\u041a\\u043e\\u043d\\u0442\\u0430\\u043a\\u0442\\u044b\", \"slug\": \"contact\", \"content_type\": 34, \"live\": true, \"has_unpublished_changes\": false, \"url_path\": \"/home/contact/\", \"owner\": 1, \"seo_title\": \"\", \"show_in_menus\": false, \"search_description\": \"\", \"go_live_at\": null, \"expire_at\": null, \"expired\": false, \"locked\": false, \"first_published_at\": \"2019-11-17T19:34:04.874Z\", \"last_published_at\": \"2019-11-18T07:55:14.263Z\", \"latest_revision_created_at\": \"2019-11-18T07:55:14.163Z\", \"live_revision\": 17, \"to_address\": \"meleshkodim2000@gmail.com\", \"from_address\": \"meleshkodim2000@gmail.com\", \"subject\": \"Wagtaik contact massage\", \"thank_you_text\": \"<p>\\u0421\\u043f\\u0430\\u0441\\u0438\\u0431\\u043e</p>\", \"form_fields\": [{\"pk\": 1, \"sort_order\": 0, \"label\": \"\\u0412\\u0430\\u0448\\u0435 \\u0438\\u043c\\u044f\", \"field_type\": \"singleline\", \"required\": true, \"choices\": \"\", \"default_value\": \"\", \"help_text\": \"\", \"page\": 11}, {\"pk\": 2, \"sort_order\": 1, \"label\": \"\\u0412\\u0430\\u0448 \\u0442\\u0435\\u043b\\u0435\\u0444\\u043e\\u043d\", \"field_type\": \"singleline\", \"required\": true, \"choices\": \"\", \"default_value\": \"\", \"help_text\": \"\", \"page\": 11}, {\"pk\": 3, \"sort_order\": 2, \"label\": \"\\u0412\\u0430\\u0448 email\", \"field_type\": \"email\", \"required\": true, \"choices\": \"\", \"default_value\": \"\", \"help_text\": \"\", \"page\": 11}, {\"pk\": 4, \"sort_order\": 3, \"label\": \"\\u0421\\u043e\\u043e\\u0431\\u0449\\u0435\\u043d\\u0438\\u0435 \\u0438\\u043b\\u0438 \\u0432\\u043e\\u043f\\u0440\\u043e\\u0441\", \"field_type\": \"multiline\", \"required\": false, \"choices\": \"\", \"default_value\": \"\", \"help_text\": \"\", \"page\": 11}]}",
      "approved_go_live_at": null
   }
},
{
   "model": "wagtailcore.pagerevision",
   "pk": 19,
   "fields": {
      "page": 11,
      "submitted_for_moderation": false,
      "created_at": "2019-11-18T14:25:58.137Z",
      "user": 1,
      "content_json": "{\"pk\": 11, \"path\": \"000100010002\", \"depth\": 3, \"numchild\": 0, \"title\": \"\\u041a\\u043e\\u043d\\u0442\\u0430\\u043a\\u0442\\u044b\", \"draft_title\": \"\\u041a\\u043e\\u043d\\u0442\\u0430\\u043a\\u0442\\u044b\", \"slug\": \"contact\", \"content_type\": 34, \"live\": true, \"has_unpublished_changes\": false, \"url_path\": \"/home/contact/\", \"owner\": 1, \"seo_title\": \"\", \"show_in_menus\": false, \"search_description\": \"\", \"go_live_at\": null, \"expire_at\": null, \"expired\": false, \"locked\": false, \"first_published_at\": \"2019-11-17T19:34:04.874Z\", \"last_published_at\": \"2019-11-18T10:48:27.520Z\", \"latest_revision_created_at\": \"2019-11-18T10:48:27.420Z\", \"live_revision\": 18, \"to_address\": \"meleshkodim2000@gmail.com\", \"from_address\": \"webmaster@localhost\", \"subject\": \"Wagtaik contact massage\", \"thank_you_text\": \"<p>\\u0421\\u043f\\u0430\\u0441\\u0438\\u0431\\u043e</p>\", \"form_fields\": [{\"pk\": 1, \"sort_order\": 0, \"label\": \"\\u0412\\u0430\\u0448\\u0435 \\u0438\\u043c\\u044f\", \"field_type\": \"singleline\", \"required\": true, \"choices\": \"\", \"default_value\": \"\", \"help_text\": \"\", \"page\": 11}, {\"pk\": 2, \"sort_order\": 1, \"label\": \"\\u0412\\u0430\\u0448 \\u0442\\u0435\\u043b\\u0435\\u0444\\u043e\\u043d\", \"field_type\": \"singleline\", \"required\": true, \"choices\": \"\", \"default_value\": \"\", \"help_text\": \"\", \"page\": 11}, {\"pk\": 3, \"sort_order\": 2, \"label\": \"\\u0412\\u0430\\u0448 email\", \"field_type\": \"email\", \"required\": true, \"choices\": \"\", \"default_value\": \"\", \"help_text\": \"\", \"page\": 11}, {\"pk\": 4, \"sort_order\": 3, \"label\": \"\\u0421\\u043e\\u043e\\u0431\\u0449\\u0435\\u043d\\u0438\\u0435 \\u0438\\u043b\\u0438 \\u0432\\u043e\\u043f\\u0440\\u043e\\u0441\", \"field_type\": \"multiline\", \"required\": false, \"choices\": \"\", \"default_value\": \"\", \"help_text\": \"\", \"page\": 11}]}",
      "approved_go_live_at": null
   }
},
{
   "model": "wagtailcore.pagerevision",
   "pk": 20,
   "fields": {
      "page": 11,
      "submitted_for_moderation": false,
      "created_at": "2019-11-18T14:32:17.512Z",
      "user": 1,
      "content_json": "{\"pk\": 11, \"path\": \"000100010002\", \"depth\": 3, \"numchild\": 0, \"title\": \"\\u041a\\u043e\\u043d\\u0442\\u0430\\u043a\\u0442\\u044b\", \"draft_title\": \"\\u041a\\u043e\\u043d\\u0442\\u0430\\u043a\\u0442\\u044b\", \"slug\": \"contact\", \"content_type\": 34, \"live\": true, \"has_unpublished_changes\": false, \"url_path\": \"/home/contact/\", \"owner\": 1, \"seo_title\": \"\", \"show_in_menus\": false, \"search_description\": \"\", \"go_live_at\": null, \"expire_at\": null, \"expired\": false, \"locked\": false, \"first_published_at\": \"2019-11-17T19:34:04.874Z\", \"last_published_at\": \"2019-11-18T14:25:58.219Z\", \"latest_revision_created_at\": \"2019-11-18T14:25:58.137Z\", \"live_revision\": 19, \"to_address\": \"meleshkodim2000@gmail.com\", \"from_address\": \"admin@meka-furniture.com.ua\", \"subject\": \"\\u041d\\u043e\\u0432\\u0430\\u044f \\u0437\\u0430\\u044f\\u0432\\u043a\\u0430 \\u043d\\u0430 \\u0441\\u0430\\u0439\\u0442\\u0435\", \"thank_you_text\": \"<p>\\u0421\\u043f\\u0430\\u0441\\u0438\\u0431\\u043e</p>\", \"form_fields\": [{\"pk\": 1, \"sort_order\": 0, \"label\": \"\\u0412\\u0430\\u0448\\u0435 \\u0438\\u043c\\u044f\", \"field_type\": \"singleline\", \"required\": true, \"choices\": \"\", \"default_value\": \"\", \"help_text\": \"\", \"page\": 11}, {\"pk\": 2, \"sort_order\": 1, \"label\": \"\\u0412\\u0430\\u0448 \\u0442\\u0435\\u043b\\u0435\\u0444\\u043e\\u043d\", \"field_type\": \"singleline\", \"required\": true, \"choices\": \"\", \"default_value\": \"\", \"help_text\": \"\", \"page\": 11}, {\"pk\": 3, \"sort_order\": 2, \"label\": \"\\u0412\\u0430\\u0448 email\", \"field_type\": \"email\", \"required\": true, \"choices\": \"\", \"default_value\": \"\", \"help_text\": \"\", \"page\": 11}, {\"pk\": 4, \"sort_order\": 3, \"label\": \"\\u0421\\u043e\\u043e\\u0431\\u0449\\u0435\\u043d\\u0438\\u0435 \\u0438\\u043b\\u0438 \\u0432\\u043e\\u043f\\u0440\\u043e\\u0441\", \"field_type\": \"multiline\", \"required\": false, \"choices\": \"\", \"default_value\": \"\", \"help_text\": \"\", \"page\": 11}]}",
      "approved_go_live_at": null
   }
},
{
   "model": "wagtailcore.pagerevision",
   "pk": 21,
   "fields": {
      "page": 9,
      "submitted_for_moderation": false,
      "created_at": "2019-11-18T15:02:07.223Z",
      "user": 1,
      "content_json": "{\"pk\": 9, \"path\": \"000100010001\", \"depth\": 3, \"numchild\": 1, \"title\": \"\\u041e \\u041d\\u0430\\u0441\", \"draft_title\": \"\\u041e \\u041d\\u0430\\u0441\", \"slug\": \"about\", \"content_type\": 32, \"live\": true, \"has_unpublished_changes\": false, \"url_path\": \"/home/about/\", \"owner\": 1, \"seo_title\": \"\", \"show_in_menus\": false, \"search_description\": \"\", \"go_live_at\": null, \"expire_at\": null, \"expired\": false, \"locked\": false, \"first_published_at\": \"2019-11-17T09:33:25.169Z\", \"last_published_at\": \"2019-11-17T16:13:46.672Z\", \"latest_revision_created_at\": \"2019-11-17T16:13:46.583Z\", \"live_revision\": 13, \"title_field\": \"\\u0427\\u0442\\u043e \\u043c\\u044b \\u043f\\u0440\\u0435\\u0434\\u043b\\u0430\\u0433\\u0430\\u0435\\u043c\", \"main_text\": \"<p></p><p>\\u041c\\u044b \\u043f\\u0440\\u0435\\u0434\\u043e\\u0441\\u0442\\u0430\\u0432\\u043b\\u044f\\u0435\\u043c \\u0443\\u0441\\u043b\\u0443\\u0433\\u0438 \\u043f\\u043e \\u043f\\u0440\\u043e\\u0438\\u0437\\u0432\\u043e\\u0434\\u0441\\u0442\\u0432\\u0443, \\u0434\\u043e\\u0441\\u0442\\u0430\\u0432\\u043a\\u0435, \\u0438 \\u043c\\u043e\\u043d\\u0442\\u0430\\u0436\\u0443 \\u043c\\u0435\\u0431\\u0435\\u043b\\u0438 \\u043b\\u044e\\u0431\\u043e\\u0439 \\u043a\\u043e\\u043d\\u0444\\u0438\\u0433\\u0443\\u0440\\u0430\\u0446\\u0438\\u0438 \\u0438 \\u0441\\u043b\\u043e\\u0436\\u043d\\u043e\\u0441\\u0442\\u0438. \\u041f\\u043e\\u043b\\u043d\\u043e\\u0435 \\u0432\\u0435\\u0434\\u0435\\u043d\\u0438\\u0435 \\u0438\\u043d\\u0434\\u0438\\u0432\\u0438\\u0434\\u0443\\u0430\\u043b\\u044c\\u043d\\u043e\\u0433\\u043e \\u043f\\u0440\\u043e\\u0435\\u043a\\u0442\\u0430 \\u043e\\u0442 \\u0437\\u0430\\u043c\\u0435\\u0440\\u0430 \\u0434\\u043e \\u043c\\u043e\\u043d\\u0442\\u0430\\u0436\\u0430.</p><p>\\u041e\\u0441\\u043d\\u043e\\u0432\\u043d\\u044b\\u0435 \\u043d\\u0430\\u043f\\u0440\\u0430\\u0432\\u043b\\u0435\\u043d\\u0438\\u044f \\u043d\\u0430\\u0448\\u0435\\u0439 \\u0434\\u0435\\u044f\\u0442\\u0435\\u043b\\u044c\\u043d\\u043e\\u0441\\u0442\\u0438 \\u2013 \\u044d\\u0442\\u043e \\u0438\\u0437\\u0433\\u043e\\u0442\\u043e\\u0432\\u043b\\u0435\\u043d\\u0438\\u0435 \\u043c\\u0435\\u0431\\u0435\\u043b\\u0438 \\u0434\\u043b\\u044f \\u0434\\u043e\\u043c\\u0430: \\u043a\\u0443\\u0445\\u043d\\u0438, \\u043f\\u0440\\u0438\\u0445\\u043e\\u0436\\u0438\\u0435, \\u0441\\u043f\\u0430\\u043b\\u044c\\u043d\\u0438, \\u0433\\u0430\\u0440\\u0434\\u0435\\u0440\\u043e\\u0431\\u043d\\u044b\\u0435, \\u0433\\u043e\\u0441\\u0442\\u0438\\u043d\\u044b\\u0435, \\u0432\\u0430\\u043d\\u043d\\u044b\\u0435 \\u043a\\u043e\\u043c\\u043d\\u0430\\u0442\\u044b, \\u0434\\u0435\\u0442\\u0441\\u043a\\u0438\\u0435. \\u0428\\u043a\\u0430\\u0444\\u044b-\\u043a\\u0443\\u043f\\u0435, \\u0441\\u0442\\u043e\\u043b\\u0435\\u0448\\u043d\\u0438\\u0446\\u044b, \\u043a\\u043e\\u043c\\u043e\\u0434\\u044b, \\u043a\\u0440\\u043e\\u0432\\u0430\\u0442\\u0438. \\u041a\\u043e\\u043c\\u043c\\u0435\\u0440\\u0447\\u0435\\u0441\\u043a\\u0430\\u044f \\u043c\\u0435\\u0431\\u0435\\u043b\\u044c \\u0434\\u043b\\u044f \\u043c\\u0430\\u0433\\u0430\\u0437\\u0438\\u043d\\u043e\\u0432, \\u0440\\u0435\\u0441\\u0442\\u043e\\u0440\\u0430\\u043d\\u043e\\u0432, \\u0433\\u043e\\u0441\\u0442\\u0438\\u043d\\u0438\\u0446. \\u041f\\u0440\\u043e\\u0438\\u0437\\u0432\\u043e\\u0434\\u0441\\u0442\\u0432\\u043e \\u043e\\u0444\\u0438\\u0441\\u043d\\u043e\\u0439 \\u043c\\u0435\\u0431\\u0435\\u043b\\u0438. \\u0422\\u0430\\u043a\\u0436\\u0435 \\u043c\\u044b \\u0437\\u0430\\u043d\\u0438\\u043c\\u0430\\u0435\\u043c\\u0441\\u044f \\u0438\\u0437\\u0433\\u043e\\u0442\\u043e\\u0432\\u043b\\u0435\\u043d\\u0438\\u0435\\u043c \\u0441\\u0442\\u0435\\u043d\\u043e\\u0432\\u044b\\u0445 \\u043f\\u0430\\u043d\\u0435\\u043b\\u0435\\u0439 \\u0438 \\u0432\\u044b\\u0441\\u0442\\u0430\\u0432\\u043e\\u0447\\u043d\\u044b\\u0445 \\u0441\\u0442\\u0435\\u043d\\u0434\\u043e\\u0432.</p><p>\\u041c\\u044b \\u043f\\u0440\\u0435\\u0434\\u043b\\u0430\\u0433\\u0430\\u0435\\u043c \\u0438\\u0441\\u043a\\u043b\\u044e\\u0447\\u0438\\u0442\\u0435\\u043b\\u044c\\u043d\\u043e \\u043a\\u0430\\u0447\\u0435\\u0441\\u0442\\u0432\\u0435\\u043d\\u043d\\u043e\\u0435 \\u043e\\u0431\\u0441\\u043b\\u0443\\u0436\\u0438\\u0432\\u0430\\u043d\\u0438\\u0435 \\u0438 \\u0441\\u043e\\u0432\\u0440\\u0435\\u043c\\u0435\\u043d\\u043d\\u044b\\u0435 \\u0443\\u0441\\u043b\\u0443\\u0433\\u0438.<br/>\\u041f\\u0440\\u043e\\u0444\\u0435\\u0441\\u0441\\u0438\\u043e\\u043d\\u0430\\u043b\\u044c\\u043d\\u044b\\u0439 \\u043a\\u043e\\u043b\\u043b\\u0435\\u043a\\u0442\\u0438\\u0432 \\u041c\\u0415\\u041a\\u0410 \\u043c\\u0435\\u0431\\u0435\\u043b\\u044c \\u2013 \\u0441\\u0434\\u0435\\u043b\\u0430\\u0435\\u0442 \\u0434\\u043b\\u044f \\u0432\\u0430\\u0441 \\u043a\\u0430\\u0447\\u0435\\u0441\\u0442\\u0432\\u0435\\u043d\\u043d\\u0443\\u044e, \\u0441\\u0442\\u0438\\u043b\\u044c\\u043d\\u0443\\u044e \\u0438 \\u0443\\u0434\\u043e\\u0431\\u043d\\u0443\\u044e \\u043c\\u0435\\u0431\\u0435\\u043b\\u044c!</p><p></p><embed alt=\\\"about-us1.jpg\\\" embedtype=\\\"image\\\" format=\\\"fullwidth\\\" id=\\\"7\\\"/><p></p><p>\\u041f\\u0440\\u043e\\u0438\\u0437\\u0432\\u043e\\u0434\\u0441\\u0442\\u0432\\u043e \\u043d\\u0430\\u0448\\u0435\\u0439 \\u043a\\u043e\\u043c\\u043f\\u0430\\u043d\\u0438\\u0438 \\u043e\\u0441\\u043d\\u0430\\u0449\\u0435\\u043d\\u043e \\u0442\\u043e\\u043b\\u044c\\u043a\\u043e \\u0441\\u043e\\u0432\\u0440\\u0435\\u043c\\u0435\\u043d\\u043d\\u044b\\u043c \\u043d\\u0435\\u043c\\u0435\\u0446\\u043a\\u0438\\u043c \\u043e\\u0431\\u043e\\u0440\\u0443\\u0434\\u043e\\u0432\\u0430\\u043d\\u0438\\u0435\\u043c.</p><p>\\u041f\\u0440\\u0438 \\u0438\\u0437\\u0433\\u043e\\u0442\\u043e\\u0432\\u043b\\u0435\\u043d\\u0438\\u0438 \\u043c\\u0435\\u0431\\u0435\\u043b\\u0438 \\u0438\\u0441\\u043f\\u043e\\u043b\\u044c\\u0437\\u0443\\u044e\\u0442\\u0441\\u044f \\u0442\\u043e\\u043b\\u044c\\u043a\\u043e \\u043b\\u0443\\u0447\\u0448\\u0438\\u0435 \\u043c\\u0430\\u0442\\u0435\\u0440\\u0438\\u0430\\u043b\\u044b. \\u041c\\u044b \\u0441 \\u0440\\u0430\\u0434\\u043e\\u0441\\u0442\\u044c\\u044e \\u043f\\u043e\\u043c\\u043e\\u0436\\u0435\\u043c \\u0432\\u0430\\u043c \\u0441\\u043e\\u0437\\u0434\\u0430\\u0442\\u044c \\u043d\\u0435\\u043f\\u043e\\u0432\\u0442\\u043e\\u0440\\u0438\\u043c\\u044b\\u0439 \\u0438\\u043d\\u0442\\u0435\\u0440\\u044c\\u0435\\u0440 \\u0434\\u043b\\u044f \\u0432\\u0430\\u0448\\u0435\\u0433\\u043e \\u0434\\u043e\\u043c\\u0430, \\u043e\\u0444\\u0438\\u0441\\u0430, \\u043c\\u0430\\u0433\\u0430\\u0437\\u0438\\u043d\\u0430.</p>\", \"image\": 5, \"image_text\": \"<p>\\u041d\\u0430\\u0448\\u0430 \\u043a\\u043e\\u043c\\u043f\\u0430\\u043d\\u0438\\u044f \\u0437\\u0430\\u043d\\u0438\\u043c\\u0430\\u0435\\u0442\\u0441\\u044f \\u043f\\u0440\\u043e\\u0435\\u043a\\u0442\\u0438\\u0440\\u043e\\u0432\\u0430\\u043d\\u0438\\u0435\\u043c \\u0438 \\u0438\\u0437\\u0433\\u043e\\u0442\\u043e\\u0432\\u043b\\u0435\\u043d\\u0438\\u0435\\u043c \\u043c\\u0435\\u0431\\u0435\\u043b\\u0438 \\u043f\\u043e \\u0438\\u043d\\u0434\\u0438\\u0432\\u0438\\u0434\\u0443\\u0430\\u043b\\u044c\\u043d\\u044b\\u043c \\u0437\\u0430\\u043a\\u0430\\u0437\\u0430\\u043c.</p>\", \"services_section\": 9}",
      "approved_go_live_at": null
   }
},
{
   "model": "wagtailcore.pagerevision",
   "pk": 22,
   "fields": {
      "page": 9,
      "submitted_for_moderation": false,
      "created_at": "2019-11-19T09:17:44.944Z",
      "user": 1,
      "content_json": "{\"pk\": 9, \"path\": \"000100010001\", \"depth\": 3, \"numchild\": 1, \"title\": \"\\u041e \\u041d\\u0430\\u0441\", \"draft_title\": \"\\u041e \\u041d\\u0430\\u0441\", \"slug\": \"about\", \"content_type\": 32, \"live\": true, \"has_unpublished_changes\": true, \"url_path\": \"/home/about/\", \"owner\": 1, \"seo_title\": \"\", \"show_in_menus\": false, \"search_description\": \"\", \"go_live_at\": null, \"expire_at\": null, \"expired\": false, \"locked\": false, \"first_published_at\": \"2019-11-17T09:33:25.169Z\", \"last_published_at\": \"2019-11-17T16:13:46.672Z\", \"latest_revision_created_at\": \"2019-11-18T15:02:07.223Z\", \"live_revision\": 13, \"title_field\": \"\\u0427\\u0442\\u043e \\u043c\\u044b \\u043f\\u0440\\u0435\\u0434\\u043b\\u0430\\u0433\\u0430\\u0435\\u043c\", \"main_text\": \"<p></p><p>\\u041c\\u044b \\u043f\\u0440\\u0435\\u0434\\u043e\\u0441\\u0442\\u0430\\u0432\\u043b\\u044f\\u0435\\u043c \\u0443\\u0441\\u043b\\u0443\\u0433\\u0438 \\u043f\\u043e \\u043f\\u0440\\u043e\\u0438\\u0437\\u0432\\u043e\\u0434\\u0441\\u0442\\u0432\\u0443, \\u0434\\u043e\\u0441\\u0442\\u0430\\u0432\\u043a\\u0435, \\u0438 \\u043c\\u043e\\u043d\\u0442\\u0430\\u0436\\u0443 \\u043c\\u0435\\u0431\\u0435\\u043b\\u0438 \\u043b\\u044e\\u0431\\u043e\\u0439 \\u043a\\u043e\\u043d\\u0444\\u0438\\u0433\\u0443\\u0440\\u0430\\u0446\\u0438\\u0438 \\u0438 \\u0441\\u043b\\u043e\\u0436\\u043d\\u043e\\u0441\\u0442\\u0438. \\u041f\\u043e\\u043b\\u043d\\u043e\\u0435 \\u0432\\u0435\\u0434\\u0435\\u043d\\u0438\\u0435 \\u0438\\u043d\\u0434\\u0438\\u0432\\u0438\\u0434\\u0443\\u0430\\u043b\\u044c\\u043d\\u043e\\u0433\\u043e \\u043f\\u0440\\u043e\\u0435\\u043a\\u0442\\u0430 \\u043e\\u0442 \\u0437\\u0430\\u043c\\u0435\\u0440\\u0430 \\u0434\\u043e \\u043c\\u043e\\u043d\\u0442\\u0430\\u0436\\u0430.</p><p>\\u041e\\u0441\\u043d\\u043e\\u0432\\u043d\\u044b\\u0435 \\u043d\\u0430\\u043f\\u0440\\u0430\\u0432\\u043b\\u0435\\u043d\\u0438\\u044f \\u043d\\u0430\\u0448\\u0435\\u0439 \\u0434\\u0435\\u044f\\u0442\\u0435\\u043b\\u044c\\u043d\\u043e\\u0441\\u0442\\u0438 \\u2013 \\u044d\\u0442\\u043e \\u0438\\u0437\\u0433\\u043e\\u0442\\u043e\\u0432\\u043b\\u0435\\u043d\\u0438\\u0435 \\u043c\\u0435\\u0431\\u0435\\u043b\\u0438 \\u0434\\u043b\\u044f \\u0434\\u043e\\u043c\\u0430: \\u043a\\u0443\\u0445\\u043d\\u0438, \\u043f\\u0440\\u0438\\u0445\\u043e\\u0436\\u0438\\u0435, \\u0441\\u043f\\u0430\\u043b\\u044c\\u043d\\u0438, \\u0433\\u0430\\u0440\\u0434\\u0435\\u0440\\u043e\\u0431\\u043d\\u044b\\u0435, \\u0433\\u043e\\u0441\\u0442\\u0438\\u043d\\u044b\\u0435, \\u0432\\u0430\\u043d\\u043d\\u044b\\u0435 \\u043a\\u043e\\u043c\\u043d\\u0430\\u0442\\u044b, \\u0434\\u0435\\u0442\\u0441\\u043a\\u0438\\u0435. \\u0428\\u043a\\u0430\\u0444\\u044b-\\u043a\\u0443\\u043f\\u0435, \\u0441\\u0442\\u043e\\u043b\\u0435\\u0448\\u043d\\u0438\\u0446\\u044b, \\u043a\\u043e\\u043c\\u043e\\u0434\\u044b, \\u043a\\u0440\\u043e\\u0432\\u0430\\u0442\\u0438. \\u041a\\u043e\\u043c\\u043c\\u0435\\u0440\\u0447\\u0435\\u0441\\u043a\\u0430\\u044f \\u043c\\u0435\\u0431\\u0435\\u043b\\u044c \\u0434\\u043b\\u044f \\u043c\\u0430\\u0433\\u0430\\u0437\\u0438\\u043d\\u043e\\u0432, \\u0440\\u0435\\u0441\\u0442\\u043e\\u0440\\u0430\\u043d\\u043e\\u0432, \\u0433\\u043e\\u0441\\u0442\\u0438\\u043d\\u0438\\u0446. \\u041f\\u0440\\u043e\\u0438\\u0437\\u0432\\u043e\\u0434\\u0441\\u0442\\u0432\\u043e \\u043e\\u0444\\u0438\\u0441\\u043d\\u043e\\u0439 \\u043c\\u0435\\u0431\\u0435\\u043b\\u0438. \\u0422\\u0430\\u043a\\u0436\\u0435 \\u043c\\u044b \\u0437\\u0430\\u043d\\u0438\\u043c\\u0430\\u0435\\u043c\\u0441\\u044f \\u0438\\u0437\\u0433\\u043e\\u0442\\u043e\\u0432\\u043b\\u0435\\u043d\\u0438\\u0435\\u043c \\u0441\\u0442\\u0435\\u043d\\u043e\\u0432\\u044b\\u0445 \\u043f\\u0430\\u043d\\u0435\\u043b\\u0435\\u0439 \\u0438 \\u0432\\u044b\\u0441\\u0442\\u0430\\u0432\\u043e\\u0447\\u043d\\u044b\\u0445 \\u0441\\u0442\\u0435\\u043d\\u0434\\u043e\\u0432.</p><p>\\u041c\\u044b \\u043f\\u0440\\u0435\\u0434\\u043b\\u0430\\u0433\\u0430\\u0435\\u043c \\u0438\\u0441\\u043a\\u043b\\u044e\\u0447\\u0438\\u0442\\u0435\\u043b\\u044c\\u043d\\u043e \\u043a\\u0430\\u0447\\u0435\\u0441\\u0442\\u0432\\u0435\\u043d\\u043d\\u043e\\u0435 \\u043e\\u0431\\u0441\\u043b\\u0443\\u0436\\u0438\\u0432\\u0430\\u043d\\u0438\\u0435 \\u0438 \\u0441\\u043e\\u0432\\u0440\\u0435\\u043c\\u0435\\u043d\\u043d\\u044b\\u0435 \\u0443\\u0441\\u043b\\u0443\\u0433\\u0438.<br/>\\u041f\\u0440\\u043e\\u0444\\u0435\\u0441\\u0441\\u0438\\u043e\\u043d\\u0430\\u043b\\u044c\\u043d\\u044b\\u0439 \\u043a\\u043e\\u043b\\u043b\\u0435\\u043a\\u0442\\u0438\\u0432 \\u041c\\u0415\\u041a\\u0410 \\u043c\\u0435\\u0431\\u0435\\u043b\\u044c \\u2013 \\u0441\\u0434\\u0435\\u043b\\u0430\\u0435\\u0442 \\u0434\\u043b\\u044f \\u0432\\u0430\\u0441 \\u043a\\u0430\\u0447\\u0435\\u0441\\u0442\\u0432\\u0435\\u043d\\u043d\\u0443\\u044e, \\u0441\\u0442\\u0438\\u043b\\u044c\\u043d\\u0443\\u044e \\u0438 \\u0443\\u0434\\u043e\\u0431\\u043d\\u0443\\u044e \\u043c\\u0435\\u0431\\u0435\\u043b\\u044c!</p><p></p><embed alt=\\\"about-us1.jpg\\\" embedtype=\\\"image\\\" format=\\\"fullwidth\\\" id=\\\"7\\\"/><p></p><p>\\u041f\\u0440\\u043e\\u0438\\u0437\\u0432\\u043e\\u0434\\u0441\\u0442\\u0432\\u043e \\u043d\\u0430\\u0448\\u0435\\u0439 \\u043a\\u043e\\u043c\\u043f\\u0430\\u043d\\u0438\\u0438 \\u043e\\u0441\\u043d\\u0430\\u0449\\u0435\\u043d\\u043e \\u0442\\u043e\\u043b\\u044c\\u043a\\u043e \\u0441\\u043e\\u0432\\u0440\\u0435\\u043c\\u0435\\u043d\\u043d\\u044b\\u043c \\u043d\\u0435\\u043c\\u0435\\u0446\\u043a\\u0438\\u043c \\u043e\\u0431\\u043e\\u0440\\u0443\\u0434\\u043e\\u0432\\u0430\\u043d\\u0438\\u0435\\u043c.</p><p></p><embed alt=\\\"for-news.jpg\\\" embedtype=\\\"image\\\" format=\\\"fullwidth\\\" id=\\\"8\\\"/><p></p><p>\\u041f\\u0440\\u0438 \\u0438\\u0437\\u0433\\u043e\\u0442\\u043e\\u0432\\u043b\\u0435\\u043d\\u0438\\u0438 \\u043c\\u0435\\u0431\\u0435\\u043b\\u0438 \\u0438\\u0441\\u043f\\u043e\\u043b\\u044c\\u0437\\u0443\\u044e\\u0442\\u0441\\u044f \\u0442\\u043e\\u043b\\u044c\\u043a\\u043e \\u043b\\u0443\\u0447\\u0448\\u0438\\u0435 \\u043c\\u0430\\u0442\\u0435\\u0440\\u0438\\u0430\\u043b\\u044b. \\u041c\\u044b \\u0441 \\u0440\\u0430\\u0434\\u043e\\u0441\\u0442\\u044c\\u044e \\u043f\\u043e\\u043c\\u043e\\u0436\\u0435\\u043c \\u0432\\u0430\\u043c \\u0441\\u043e\\u0437\\u0434\\u0430\\u0442\\u044c \\u043d\\u0435\\u043f\\u043e\\u0432\\u0442\\u043e\\u0440\\u0438\\u043c\\u044b\\u0439 \\u0438\\u043d\\u0442\\u0435\\u0440\\u044c\\u0435\\u0440 \\u0434\\u043b\\u044f \\u0432\\u0430\\u0448\\u0435\\u0433\\u043e \\u0434\\u043e\\u043c\\u0430, \\u043e\\u0444\\u0438\\u0441\\u0430, \\u043c\\u0430\\u0433\\u0430\\u0437\\u0438\\u043d\\u0430.</p>\", \"image\": 5, \"image_text\": \"<p>\\u041d\\u0430\\u0448\\u0430 \\u043a\\u043e\\u043c\\u043f\\u0430\\u043d\\u0438\\u044f \\u0437\\u0430\\u043d\\u0438\\u043c\\u0430\\u0435\\u0442\\u0441\\u044f \\u043f\\u0440\\u043e\\u0435\\u043a\\u0442\\u0438\\u0440\\u043e\\u0432\\u0430\\u043d\\u0438\\u0435\\u043c \\u0438 \\u0438\\u0437\\u0433\\u043e\\u0442\\u043e\\u0432\\u043b\\u0435\\u043d\\u0438\\u0435\\u043c \\u043c\\u0435\\u0431\\u0435\\u043b\\u0438 \\u043f\\u043e \\u0438\\u043d\\u0434\\u0438\\u0432\\u0438\\u0434\\u0443\\u0430\\u043b\\u044c\\u043d\\u044b\\u043c \\u0437\\u0430\\u043a\\u0430\\u0437\\u0430\\u043c.</p>\", \"services_section\": 9}",
      "approved_go_live_at": null
   }
},
{
   "model": "wagtailcore.pagerevision",
   "pk": 23,
   "fields": {
      "page": 12,
      "submitted_for_moderation": false,
      "created_at": "2019-11-19T10:33:59.010Z",
      "user": 1,
      "content_json": "{\"pk\": 12, \"path\": \"000100010003\", \"depth\": 3, \"numchild\": 0, \"title\": \"\\u041d\\u043e\\u0432\\u043e\\u0441\\u0442\\u0438\", \"draft_title\": \"\\u041d\\u043e\\u0432\\u043e\\u0441\\u0442\\u0438\", \"slug\": \"blog\", \"content_type\": 36, \"live\": true, \"has_unpublished_changes\": false, \"url_path\": \"/home/blog/\", \"owner\": 1, \"seo_title\": \"\\u041d\\u043e\\u0432\\u043e\\u0441\\u0442\\u0438\", \"show_in_menus\": false, \"search_description\": \"\", \"go_live_at\": null, \"expire_at\": null, \"expired\": false, \"locked\": false, \"first_published_at\": null, \"last_published_at\": null, \"latest_revision_created_at\": null, \"live_revision\": null, \"introduction\": \"\\u0448\\u0448\", \"image\": null, \"news_section\": null}",
      "approved_go_live_at": null
   }
},
{
   "model": "wagtailcore.pagerevision",
   "pk": 24,
   "fields": {
      "page": 13,
      "submitted_for_moderation": false,
      "created_at": "2019-11-19T10:41:41.414Z",
      "user": 1,
      "content_json": "{\"pk\": 13, \"path\": \"0001000100030001\", \"depth\": 4, \"numchild\": 0, \"title\": \"\\u0420\\u0430\\u0437\\u043d\\u043e\\u0432\\u0438\\u0434\\u043d\\u043e\\u0441\\u0442\\u0438 \\u0414\\u0421\\u041f\", \"draft_title\": \"\\u0420\\u0430\\u0437\\u043d\\u043e\\u0432\\u0438\\u0434\\u043d\\u043e\\u0441\\u0442\\u0438 \\u0414\\u0421\\u041f\", \"slug\": \"raznovidnosti-dsp\", \"content_type\": 37, \"live\": true, \"has_unpublished_changes\": false, \"url_path\": \"/home/blog/raznovidnosti-dsp/\", \"owner\": 1, \"seo_title\": \"\\u0420\\u0430\\u0437\\u043d\\u043e\\u0432\\u0438\\u0434\\u043d\\u043e\\u0441\\u0442\\u0438 \\u0414\\u0421\\u041f\", \"show_in_menus\": false, \"search_description\": \"\", \"go_live_at\": null, \"expire_at\": null, \"expired\": false, \"locked\": false, \"first_published_at\": null, \"last_published_at\": null, \"latest_revision_created_at\": null, \"live_revision\": null, \"introduction\": \"<p> </p><p>\\u0418\\u0437 \\u0414\\u0421\\u041f \\u043f\\u0440\\u043e\\u0438\\u0437\\u0432\\u043e\\u0434\\u0438\\u0442\\u0441\\u044f \\u043d\\u0435 \\u0442\\u043e\\u043b\\u044c\\u043a\\u043e \\u043c\\u0435\\u0431\\u0435\\u043b\\u044c, \\u043d\\u043e \\u0438 \\u043e\\u0442\\u0434\\u0435\\u043b\\u043e\\u0447\\u043d\\u044b\\u0435 \\u044d\\u043b\\u0435\\u043c\\u0435\\u043d\\u0442\\u044b \\u0438\\u043d\\u0442\\u0435\\u0440\\u044c\\u0435\\u0440\\u0430. \\u0415\\u0441\\u043b\\u0438 \\u0412\\u044b \\u043f\\u043b\\u0430\\u043d\\u0438\\u0440\\u0443\\u0435\\u0442\\u0435 \\u043f\\u043e\\u043a\\u0443\\u043f\\u0430\\u0442\\u044c \\u0438\\u043b\\u0438 \\u0437\\u0430\\u043a\\u0430\\u0437\\u044b\\u0432\\u0430\\u0442\\u044c \\u043c\\u0435\\u0431\\u0435\\u043b\\u044c, \\u0442\\u043e \\u0432\\u0430\\u0436\\u043d\\u043e \\u043f\\u043e\\u043d\\u0438\\u043c\\u0430\\u0442\\u044c \\u043a\\u0430\\u043a\\u043e\\u0439 \\u0438\\u043c\\u0435\\u043d\\u043d\\u043e \\u043c\\u0430\\u0442\\u0435\\u0440\\u0438\\u0430\\u043b \\u043d\\u0443\\u0436\\u0435\\u043d \\u0438 \\u043a\\u0430\\u043a \\u043e\\u043f\\u0440\\u0435\\u0434\\u0435\\u043b\\u0438\\u0442\\u044c \\u043a\\u0430\\u0447\\u0435\\u0441\\u0442\\u0432\\u0435\\u043d\\u043d\\u044b\\u0439 \\u043e\\u043d \\u0438\\u043b\\u0438 \\u043d\\u0435\\u0442. \\u0414\\u0430\\u0432\\u0430\\u0439\\u0442\\u0435 \\u0440\\u0430\\u0437\\u0431\\u0438\\u0440\\u0430\\u0442\\u044c\\u0441\\u044f))</p><p></p><embed alt=\\\"testovoe.jpg\\\" embedtype=\\\"image\\\" format=\\\"fullwidth\\\" id=\\\"9\\\"/><p></p><p>\\u0421\\u0443\\u0449\\u0435\\u0441\\u0442\\u0432\\u0443\\u0435\\u0442 \\u0434\\u0432\\u0430 \\u043e\\u0441\\u043d\\u043e\\u0432\\u043d\\u044b\\u0445 \\u0432\\u0438\\u0434\\u0430 \\u0414\\u0421\\u041f:<br/>\\ud83d\\udd38\\u043e\\u0431\\u044b\\u0447\\u043d\\u0430\\u044f<br/>\\ud83d\\udd39 \\u043b\\u0430\\u043c\\u0438\\u043d\\u0438\\u0440\\u043e\\u0432\\u0430\\u043d\\u043d\\u0430\\u044f<br/>\\u041b\\u0430\\u043c\\u0438\\u043d\\u0438\\u0440\\u043e\\u0432\\u0430\\u043d\\u043d\\u0430\\u044f \\u0414\\u0421\\u041f \\u043e\\u0442\\u043b\\u0438\\u0447\\u0430\\u0435\\u0442\\u0441\\u044f \\u043e\\u0442 \\u043e\\u0431\\u044b\\u0447\\u043d\\u043e\\u0439 \\u043d\\u0430\\u043b\\u0438\\u0447\\u0438\\u0435\\u043c \\u0434\\u0435\\u043a\\u043e\\u0440\\u0430\\u0442\\u0438\\u0432\\u043d\\u043e-\\u0437\\u0430\\u0449\\u0438\\u0442\\u043d\\u043e\\u0433\\u043e \\u0441\\u043b\\u043e\\u044f, \\u043a\\u043e\\u0442\\u043e\\u0440\\u044b\\u0439 \\u044f\\u0432\\u043b\\u044f\\u0435\\u0442\\u0441\\u044f \\u043e\\u0431\\u044b\\u0447\\u043d\\u044b\\u043c \\u043b\\u0430\\u043c\\u0438\\u043d\\u0430\\u0442\\u043e\\u043c \\u2013 \\u043f\\u043b\\u0435\\u043d\\u043a\\u043e\\u0439 \\u0441 \\u0432\\u044b\\u0441\\u043e\\u043a\\u0438\\u043c\\u0438 \\u044d\\u043a\\u0441\\u043f\\u043b\\u0443\\u0430\\u0442\\u0430\\u0446\\u0438\\u043e\\u043d\\u043d\\u044b\\u043c\\u0438 \\u0445\\u0430\\u0440\\u0430\\u043a\\u0442\\u0435\\u0440\\u0438\\u0441\\u0442\\u0438\\u043a\\u0430\\u043c\\u0438.</p><p>\\u0421\\u0443\\u0449\\u0435\\u0441\\u0442\\u0432\\u0443\\u0435\\u0442 \\u0442\\u0440\\u0438 \\u0441\\u043e\\u0440\\u0442\\u0430 \\u0414\\u0421\\u041f:<br/>1\\ufe0f\\u20e3 \\u043f\\u0435\\u0440\\u0432\\u044b\\u0439 \\u0441\\u043e\\u0440\\u0442 \\u2013 \\u043f\\u043e\\u043b\\u043d\\u043e\\u0441\\u0442\\u044c\\u044e \\u0441\\u043e\\u043e\\u0442\\u0432\\u0435\\u0442\\u0441\\u0442\\u0432\\u0443\\u0435\\u0442 \\u0441\\u0442\\u0430\\u043d\\u0434\\u0430\\u0440\\u0442\\u0443, \\u0438\\u043c\\u0435\\u0435\\u0442 \\u043e\\u0434\\u043d\\u043e\\u0442\\u043e\\u043d\\u043d\\u044b\\u0439 \\u0446\\u0432\\u0435\\u0442 \\u0438 \\u0438\\u0434\\u0435\\u0430\\u043b\\u044c\\u043d\\u043e\\u0435 \\u0442\\u0435\\u0445\\u043d\\u0438\\u0447\\u0435\\u0441\\u043a\\u043e\\u0435 \\u0441\\u043e\\u0441\\u0442\\u043e\\u044f\\u043d\\u0438\\u0435;<br/>2\\ufe0f\\u20e3 \\u0432\\u0442\\u043e\\u0440\\u043e\\u0439 \\u0441\\u043e\\u0440\\u0442 \\u2013 \\u043f\\u043b\\u0438\\u0442\\u0430 \\u0431\\u043e\\u043b\\u0435\\u0435 \\u0433\\u0440\\u0443\\u0431\\u043e\\u0439 \\u0444\\u0430\\u043a\\u0442\\u0443\\u0440\\u044b, \\u043c\\u043e\\u0433\\u0443\\u0442 \\u0431\\u044b\\u0442\\u044c \\u043d\\u0435\\u0437\\u043d\\u0430\\u0447\\u0438\\u0442\\u0435\\u043b\\u044c\\u043d\\u044b\\u0435 \\u043e\\u0442\\u0441\\u043b\\u043e\\u0435\\u043d\\u0438\\u044f \\u043a\\u0440\\u0430\\u0435\\u0432 \\u0438 \\u0446\\u0430\\u0440\\u0430\\u043f\\u0438\\u043d\\u044b;<br/>3\\ufe0f\\u20e3 \\u0442\\u0440\\u0435\\u0442\\u0438\\u0439 \\u0441\\u043e\\u0440\\u0442 \\u2013 \\u043f\\u043b\\u0438\\u0442\\u044b \\u0441\\u0442\\u0440\\u043e\\u0438\\u0442\\u0435\\u043b\\u044c\\u043d\\u043e\\u0433\\u043e \\u043d\\u0430\\u0437\\u043d\\u0430\\u0447\\u0435\\u043d\\u0438\\u044f.</p><p>\\u2757 \\u0414\\u043b\\u044f \\u043f\\u0440\\u043e\\u0438\\u0437\\u0432\\u043e\\u0434\\u0441\\u0442\\u0432\\u0430 \\u043c\\u0435\\u0431\\u0435\\u043b\\u0438 \\u0438\\u0441\\u043f\\u043e\\u043b\\u044c\\u0437\\u0443\\u0435\\u0442\\u0441\\u044f \\u0442\\u043e\\u043b\\u044c\\u043a\\u043e \\u0414\\u0421\\u041f \\u043f\\u0435\\u0440\\u0432\\u043e\\u0433\\u043e \\u0441\\u043e\\u0440\\u0442\\u0430 \\u2757 \\u043f\\u043e\\u0441\\u043b\\u0435 \\u0434\\u043e\\u043f\\u043e\\u043b\\u043d\\u0438\\u0442\\u0435\\u043b\\u044c\\u043d\\u043e\\u0439 \\u043e\\u0431\\u0440\\u0430\\u0431\\u043e\\u0442\\u043a\\u0438, \\u0430 \\u043f\\u043b\\u0438\\u0442\\u044b \\u0432\\u0442\\u043e\\u0440\\u043e\\u0433\\u043e \\u0438 \\u0442\\u0440\\u0435\\u0442\\u044c\\u0435\\u0433\\u043e \\u0441\\u043e\\u0440\\u0442\\u043e\\u0432 \\u043f\\u0440\\u0438\\u043c\\u0435\\u043d\\u044f\\u044e\\u0442 \\u0434\\u043b\\u044f \\u0441\\u0442\\u0440\\u043e\\u0438\\u0442\\u0435\\u043b\\u044c\\u043d\\u044b\\u0445 \\u0446\\u0435\\u043b\\u0435\\u0439 (\\u043e\\u0431\\u0448\\u0438\\u0432\\u043a\\u0438 \\u043f\\u043e\\u0432\\u0435\\u0440\\u0445\\u043d\\u043e\\u0441\\u0442\\u0435\\u0439, \\u043f\\u043e\\u043b\\u0430, \\u043f\\u0435\\u0440\\u0435\\u0433\\u043e\\u0440\\u043e\\u0434\\u043e\\u043a \\u0438 \\u0442.\\u0434.)</p><p>\\u041a\\u0430\\u043a \\u043e\\u043f\\u0440\\u0435\\u0434\\u0435\\u043b\\u0438\\u0442\\u044c \\u043a\\u0430\\u0447\\u0435\\u0441\\u0442\\u0432\\u043e \\u0414\\u0421\\u041f? \\u041b\\u0435\\u0433\\u043a\\u043e!<br/>\\ud83d\\udd39 \\u043f\\u043e\\u043d\\u044e\\u0445\\u0430\\u0442\\u044c (\\u043d\\u0435 \\u0434\\u043e\\u043b\\u0436\\u043d\\u043e \\u0431\\u044b\\u0442\\u044c \\u0441\\u0438\\u043b\\u044c\\u043d\\u043e\\u0433\\u043e \\u0437\\u0430\\u043f\\u0430\\u0445\\u0430)<br/>\\ud83d\\udd38 \\u0432\\u043e\\u0442\\u043a\\u043d\\u0443\\u0442\\u044c \\u0432 \\u0441\\u0440\\u0435\\u0437 \\u043e\\u0441\\u0442\\u0440\\u044b\\u0439 \\u043f\\u0440\\u0435\\u0434\\u043c\\u0435\\u0442 \\u2013 \\u0435\\u0441\\u043b\\u0438 \\u043d\\u0435 \\u043f\\u043e\\u043b\\u0443\\u0447\\u0430\\u0435\\u0442\\u0441\\u044f \\u0438 \\u043c\\u0430\\u0442\\u0435\\u0440\\u0438\\u0430\\u043b \\u0442\\u0432\\u0435\\u0440\\u0434\\u044b\\u0439, \\u0437\\u043d\\u0430\\u0447\\u0438\\u0442 \\u043f\\u043b\\u0438\\u0442\\u0430 \\u043a\\u0430\\u0447\\u0435\\u0441\\u0442\\u0432\\u0435\\u043d\\u043d\\u0430\\u044f<br/>\\ud83d\\udd39 \\u043f\\u0440\\u043e\\u0432\\u0435\\u0440\\u044c\\u0442\\u0435 \\u0441\\u0440\\u0435\\u0437 \\u2013 \\u0446\\u0432\\u0435\\u0442 \\u0434\\u043e\\u043b\\u0436\\u0435\\u043d \\u0431\\u044b\\u0442\\u044c \\u0441\\u0432\\u0435\\u0442\\u043b\\u044b\\u043c (\\u0431\\u0435\\u0437 \\u043a\\u0440\\u0430\\u0441\\u043d\\u043e\\u0433\\u043e \\u0438 \\u0441\\u0438\\u043d\\u0435\\u0433\\u043e \\u043e\\u0442\\u0442\\u0435\\u043d\\u043a\\u043e\\u0432), \\u0445\\u043e\\u0440\\u043e\\u0448\\u043e \\u0435\\u0441\\u043b\\u0438 \\u0432 \\u0446\\u0435\\u043d\\u0442\\u0440\\u0435 \\u0431\\u043e\\u043b\\u0435\\u0435 \\u043a\\u0440\\u0443\\u043f\\u043d\\u044b\\u0435 \\u043e\\u043f\\u0438\\u043b\\u043a\\u0438 \\u2013 \\u0431\\u0443\\u0434\\u0443\\u0442 \\u0445\\u043e\\u0440\\u043e\\u0448\\u043e \\u0434\\u0435\\u0440\\u0436\\u0430\\u0442\\u044c\\u0441\\u044f \\u0448\\u0443\\u0440\\u0443\\u043f\\u044b.<br/>\\ud83d\\udd38 \\u043f\\u0440\\u043e\\u0432\\u0435\\u0440\\u0438\\u0442\\u044c \\u0447\\u0442\\u043e\\u0431 \\u043f\\u043e\\u0432\\u0435\\u0440\\u0445\\u043d\\u043e\\u0441\\u0442\\u044c \\u0438 \\u043a\\u0440\\u0430\\u044f \\u0431\\u044b\\u043b\\u0438 \\u0438\\u0434\\u0435\\u0430\\u043b\\u044c\\u043d\\u043e \\u0440\\u043e\\u0432\\u043d\\u044b\\u0435.</p><p>\\u2705 \\u041a\\u043e\\u043c\\u043f\\u0430\\u043d\\u0438\\u044f &quot;\\u041c\\u0435\\u043a\\u0430 \\u041c\\u0435\\u0431\\u0435\\u043b\\u044c&quot; \\u0438\\u0441\\u043f\\u043e\\u043b\\u044c\\u0437\\u0443\\u0435\\u0442 \\u0442\\u043e\\u043b\\u044c\\u043a\\u043e \\u043f\\u043b\\u0438\\u0442\\u044b \\u0432\\u044b\\u0441\\u043e\\u0447\\u0430\\u0439\\u0448\\u0435\\u0433\\u043e \\u043a\\u0430\\u0447\\u0435\\u0441\\u0442\\u0432\\u0430, \\u043c\\u0435\\u0431\\u0435\\u043b\\u044c \\u0438\\u0437 \\u043a\\u043e\\u0442\\u043e\\u0440\\u044b\\u0445 \\u0434\\u043e\\u043b\\u0433\\u043e\\u0435 \\u0432\\u0440\\u0435\\u043c\\u044f \\u0431\\u0443\\u0434\\u0435\\u0442 \\u0440\\u0430\\u0434\\u043e\\u0432\\u0430\\u0442\\u044c \\u0412\\u0430\\u0441 \\u0438 \\u0412\\u0430\\u0448\\u0438\\u0445 \\u0431\\u043b\\u0438\\u0437\\u043a\\u0438\\u0445.</p>\", \"image\": 9, \"subtitle\": \"\\u0420\\u0410\\u0417\\u041d\\u041e\\u0412\\u0418\\u0414\\u041d\\u041e\\u0421\\u0422\\u0418 \\u0414\\u0421\\u041f\", \"date_published\": \"2019-11-19\"}",
      "approved_go_live_at": null
   }
},
{
   "model": "wagtailcore.pagerevision",
   "pk": 25,
   "fields": {
      "page": 12,
      "submitted_for_moderation": false,
      "created_at": "2019-11-19T10:49:03.002Z",
      "user": 1,
      "content_json": "{\"pk\": 12, \"path\": \"000100010003\", \"depth\": 3, \"numchild\": 1, \"title\": \"\\u041d\\u043e\\u0432\\u043e\\u0441\\u0442\\u0438\", \"draft_title\": \"\\u041d\\u043e\\u0432\\u043e\\u0441\\u0442\\u0438\", \"slug\": \"blog\", \"content_type\": 36, \"live\": true, \"has_unpublished_changes\": false, \"url_path\": \"/home/blog/\", \"owner\": 1, \"seo_title\": \"\\u041d\\u043e\\u0432\\u043e\\u0441\\u0442\\u0438\", \"show_in_menus\": false, \"search_description\": \"\", \"go_live_at\": null, \"expire_at\": null, \"expired\": false, \"locked\": false, \"first_published_at\": \"2019-11-19T10:33:59.076Z\", \"last_published_at\": \"2019-11-19T10:33:59.076Z\", \"latest_revision_created_at\": \"2019-11-19T10:33:59.010Z\", \"live_revision\": 23, \"introduction\": \"\\u0448\\u0448\", \"image\": null, \"news_section\": 12}",
      "approved_go_live_at": null
   }
},
{
   "model": "wagtailcore.pagerevision",
   "pk": 26,
   "fields": {
      "page": 11,
      "submitted_for_moderation": false,
      "created_at": "2019-11-19T13:35:30.270Z",
      "user": 1,
      "content_json": "{\"pk\": 11, \"path\": \"000100010002\", \"depth\": 3, \"numchild\": 0, \"title\": \"\\u041a\\u043e\\u043d\\u0442\\u0430\\u043a\\u0442\\u044b\", \"draft_title\": \"\\u041a\\u043e\\u043d\\u0442\\u0430\\u043a\\u0442\\u044b\", \"slug\": \"contact\", \"content_type\": 34, \"live\": true, \"has_unpublished_changes\": false, \"url_path\": \"/home/contact/\", \"owner\": 1, \"seo_title\": \"\", \"show_in_menus\": false, \"search_description\": \"\", \"go_live_at\": null, \"expire_at\": null, \"expired\": false, \"locked\": false, \"first_published_at\": \"2019-11-17T19:34:04.874Z\", \"last_published_at\": \"2019-11-18T14:32:17.590Z\", \"latest_revision_created_at\": \"2019-11-18T14:32:17.512Z\", \"live_revision\": 20, \"to_address\": \"meleshkodim2000@gmail.com\", \"from_address\": \"admin@meka-furniture.com.ua\", \"subject\": \"\\u041d\\u043e\\u0432\\u0430\\u044f \\u0437\\u0430\\u044f\\u0432\\u043a\\u0430 \\u043d\\u0430 \\u0441\\u0430\\u0439\\u0442\\u0435\", \"thank_you_text\": \"<p>\\u0421\\u043f\\u0430\\u0441\\u0438\\u0431\\u043e</p>\", \"formatted_address\": \"\\u0443\\u043b. \\u0414\\u0435\\u043c\\u0435\\u0435\\u0432\\u0441\\u043a\\u0430\\u044f, 13\", \"latlng_address\": \"\\u0443\\u043b. \\u0414\\u0435\\u043c\\u0435\\u0435\\u0432\\u0441\\u043a\\u0430\\u044f, 13\", \"form_fields\": [{\"pk\": 1, \"sort_order\": 0, \"label\": \"\\u0412\\u0430\\u0448\\u0435 \\u0438\\u043c\\u044f\", \"field_type\": \"singleline\", \"required\": true, \"choices\": \"\", \"default_value\": \"\", \"help_text\": \"\", \"page\": 11}, {\"pk\": 2, \"sort_order\": 1, \"label\": \"\\u0412\\u0430\\u0448 \\u0442\\u0435\\u043b\\u0435\\u0444\\u043e\\u043d\", \"field_type\": \"singleline\", \"required\": true, \"choices\": \"\", \"default_value\": \"\", \"help_text\": \"\", \"page\": 11}, {\"pk\": 3, \"sort_order\": 2, \"label\": \"\\u0412\\u0430\\u0448 email\", \"field_type\": \"email\", \"required\": true, \"choices\": \"\", \"default_value\": \"\", \"help_text\": \"\", \"page\": 11}, {\"pk\": 4, \"sort_order\": 3, \"label\": \"\\u0421\\u043e\\u043e\\u0431\\u0449\\u0435\\u043d\\u0438\\u0435 \\u0438\\u043b\\u0438 \\u0432\\u043e\\u043f\\u0440\\u043e\\u0441\", \"field_type\": \"multiline\", \"required\": false, \"choices\": \"\", \"default_value\": \"\", \"help_text\": \"\", \"page\": 11}]}",
      "approved_go_live_at": null
   }
},
{
   "model": "wagtailcore.pagerevision",
   "pk": 27,
   "fields": {
      "page": 14,
      "submitted_for_moderation": false,
      "created_at": "2019-11-20T11:57:48.920Z",
      "user": 1,
      "content_json": "{\"pk\": 14, \"path\": \"000100010004\", \"depth\": 3, \"numchild\": 0, \"title\": \"projects\", \"draft_title\": \"projects\", \"slug\": \"projects\", \"content_type\": 38, \"live\": true, \"has_unpublished_changes\": false, \"url_path\": \"/home/projects/\", \"owner\": 1, \"seo_title\": \"\", \"show_in_menus\": false, \"search_description\": \"\", \"go_live_at\": null, \"expire_at\": null, \"expired\": false, \"locked\": false, \"first_published_at\": null, \"last_published_at\": null, \"latest_revision_created_at\": null, \"live_revision\": null, \"introduction\": \"something\", \"image\": null, \"works_section\": null}",
      "approved_go_live_at": null
   }
},
{
   "model": "wagtailcore.pagerevision",
   "pk": 28,
   "fields": {
      "page": 14,
      "submitted_for_moderation": false,
      "created_at": "2019-11-20T11:58:16.523Z",
      "user": 1,
      "content_json": "{\"pk\": 14, \"path\": \"000100010004\", \"depth\": 3, \"numchild\": 0, \"title\": \"\\u041d\\u0430\\u0448\\u0438 \\u0440\\u0430\\u0431\\u043e\\u0442\\u044b\", \"draft_title\": \"projects\", \"slug\": \"projects\", \"content_type\": 38, \"live\": true, \"has_unpublished_changes\": false, \"url_path\": \"/home/projects/\", \"owner\": 1, \"seo_title\": \"\", \"show_in_menus\": false, \"search_description\": \"\", \"go_live_at\": null, \"expire_at\": null, \"expired\": false, \"locked\": false, \"first_published_at\": \"2019-11-20T11:57:48.978Z\", \"last_published_at\": \"2019-11-20T11:57:48.978Z\", \"latest_revision_created_at\": \"2019-11-20T11:57:48.920Z\", \"live_revision\": 27, \"introduction\": \"something\", \"image\": null, \"works_section\": null}",
      "approved_go_live_at": null
   }
},
{
   "model": "wagtailcore.pagerevision",
   "pk": 29,
   "fields": {
      "page": 14,
      "submitted_for_moderation": false,
      "created_at": "2019-11-20T11:58:34.806Z",
      "user": 1,
      "content_json": "{\"pk\": 14, \"path\": \"000100010004\", \"depth\": 3, \"numchild\": 0, \"title\": \"\\u041d\\u0430\\u0448\\u0438 \\u0440\\u0430\\u0431\\u043e\\u0442\\u044b\", \"draft_title\": \"\\u041d\\u0430\\u0448\\u0438 \\u0440\\u0430\\u0431\\u043e\\u0442\\u044b\", \"slug\": \"projects\", \"content_type\": 38, \"live\": true, \"has_unpublished_changes\": false, \"url_path\": \"/home/projects/\", \"owner\": 1, \"seo_title\": \"\", \"show_in_menus\": false, \"search_description\": \"\", \"go_live_at\": null, \"expire_at\": null, \"expired\": false, \"locked\": false, \"first_published_at\": \"2019-11-20T11:57:48.978Z\", \"last_published_at\": \"2019-11-20T11:58:16.594Z\", \"latest_revision_created_at\": \"2019-11-20T11:58:16.523Z\", \"live_revision\": 28, \"introduction\": \"something\", \"image\": null, \"works_section\": 14}",
      "approved_go_live_at": null
   }
},
{
   "model": "wagtailcore.pagerevision",
   "pk": 30,
   "fields": {
      "page": 15,
      "submitted_for_moderation": false,
      "created_at": "2019-11-20T12:01:17.945Z",
      "user": 1,
      "content_json": "{\"pk\": 15, \"path\": \"0001000100040001\", \"depth\": 4, \"numchild\": 0, \"title\": \"\\u041f\\u0440\\u0438\\u0445\\u043e\\u0436\\u0430\\u044f\", \"draft_title\": \"\\u041f\\u0440\\u0438\\u0445\\u043e\\u0436\\u0430\\u044f\", \"slug\": \"prihozhaya\", \"content_type\": 39, \"live\": true, \"has_unpublished_changes\": false, \"url_path\": \"/home/projects/prihozhaya/\", \"owner\": 1, \"seo_title\": \"\", \"show_in_menus\": false, \"search_description\": \"\", \"go_live_at\": null, \"expire_at\": null, \"expired\": false, \"locked\": false, \"first_published_at\": null, \"last_published_at\": null, \"latest_revision_created_at\": null, \"live_revision\": null, \"introduction\": \"<p>\\u041e\\u043f\\u0438\\u0441\\u0430\\u043d\\u0438\\u0435</p>\", \"image\": 10, \"subtitle\": \"\\u041f\\u0440\\u0438\\u0445\\u043e\\u0436\\u0430\\u044f\"}",
      "approved_go_live_at": null
   }
},
{
   "model": "wagtailcore.pagerevision",
   "pk": 31,
   "fields": {
      "page": 16,
      "submitted_for_moderation": false,
      "created_at": "2019-11-20T12:26:16.021Z",
      "user": 1,
      "content_json": "{\"pk\": 16, \"path\": \"0001000100040002\", \"depth\": 4, \"numchild\": 0, \"title\": \"\\u041f\\u0440\\u0438\\u0445\\u043e\\u0436\\u0430\\u044f\", \"draft_title\": \"\\u041f\\u0440\\u0438\\u0445\\u043e\\u0436\\u0430\\u044f\", \"slug\": \"\\u043f\\u0440\\u0438\\u0445\\u043e\\u0436\\u0430\\u044f\", \"content_type\": 39, \"live\": true, \"has_unpublished_changes\": false, \"url_path\": \"/home/projects/\\u043f\\u0440\\u0438\\u0445\\u043e\\u0436\\u0430\\u044f/\", \"owner\": 1, \"seo_title\": \"\", \"show_in_menus\": false, \"search_description\": \"\", \"go_live_at\": null, \"expire_at\": null, \"expired\": false, \"locked\": false, \"first_published_at\": null, \"last_published_at\": null, \"latest_revision_created_at\": null, \"live_revision\": null, \"introduction\": \"<p>\\u041e\\u043f\\u0438\\u0441\\u0430\\u043d\\u0438\\u0435</p>\", \"image\": 11, \"subtitle\": \"\\u041f\\u0440\\u0438\\u0445\\u043e\\u0436\\u0430\\u044f\"}",
      "approved_go_live_at": null
   }
},
{
   "model": "wagtailcore.pagerevision",
   "pk": 32,
   "fields": {
      "page": 17,
      "submitted_for_moderation": false,
      "created_at": "2019-11-27T07:18:48.792Z",
      "user": 1,
      "content_json": "{\"pk\": 17, \"path\": \"0001000100040003\", \"depth\": 4, \"numchild\": 0, \"title\": \"kitchen1\", \"draft_title\": \"kitchen1\", \"slug\": \"kitchen1\", \"content_type\": 39, \"live\": true, \"has_unpublished_changes\": false, \"url_path\": \"/home/projects/kitchen1/\", \"owner\": 1, \"seo_title\": \"\", \"show_in_menus\": false, \"search_description\": \"\", \"go_live_at\": null, \"expire_at\": null, \"expired\": false, \"locked\": false, \"first_published_at\": null, \"last_published_at\": null, \"latest_revision_created_at\": null, \"live_revision\": null, \"introduction\": \"<p>\\u043d\\u0435\\u043c\\u043d\\u043e\\u0436\\u043a\\u043e \\u0442\\u0435\\u043a\\u0441\\u0442\\u0430</p>\", \"image\": 12, \"subtitle\": \"\\u041a\\u0443\\u0445\\u043d\\u044f\"}",
      "approved_go_live_at": null
   }
},
{
   "model": "wagtailcore.pagerevision",
   "pk": 33,
   "fields": {
      "page": 18,
      "submitted_for_moderation": false,
      "created_at": "2019-11-27T07:19:51.924Z",
      "user": 1,
      "content_json": "{\"pk\": 18, \"path\": \"0001000100040004\", \"depth\": 4, \"numchild\": 0, \"title\": \"kitchen2\", \"draft_title\": \"kitchen2\", \"slug\": \"kitchen2\", \"content_type\": 39, \"live\": true, \"has_unpublished_changes\": false, \"url_path\": \"/home/projects/kitchen2/\", \"owner\": 1, \"seo_title\": \"\", \"show_in_menus\": false, \"search_description\": \"\", \"go_live_at\": null, \"expire_at\": null, \"expired\": false, \"locked\": false, \"first_published_at\": null, \"last_published_at\": null, \"latest_revision_created_at\": null, \"live_revision\": null, \"introduction\": \"<p>\\u0432\\u0442\\u043e\\u0440\\u0430\\u044f \\u043a\\u0443\\u0445\\u043d\\u044f</p>\", \"image\": 13, \"subtitle\": \"\\u041a\\u0443\\u0445\\u043d\\u044f 2\"}",
      "approved_go_live_at": null
   }
},
{
   "model": "wagtailcore.pagerevision",
   "pk": 34,
   "fields": {
      "page": 19,
      "submitted_for_moderation": false,
      "created_at": "2019-11-27T07:44:19.074Z",
      "user": 1,
      "content_json": "{\"pk\": 19, \"path\": \"0001000100040005\", \"depth\": 4, \"numchild\": 0, \"title\": \"room1\", \"draft_title\": \"room1\", \"slug\": \"room1\", \"content_type\": 39, \"live\": true, \"has_unpublished_changes\": false, \"url_path\": \"/home/projects/room1/\", \"owner\": 1, \"seo_title\": \"\", \"show_in_menus\": false, \"search_description\": \"\", \"go_live_at\": null, \"expire_at\": null, \"expired\": false, \"locked\": false, \"first_published_at\": null, \"last_published_at\": null, \"latest_revision_created_at\": null, \"live_revision\": null, \"introduction\": \"<p>\\u0441\\u0442\\u043e\\u043b</p>\", \"image\": 14, \"subtitle\": \"\\u0421\\u0442\\u043e\\u043b\"}",
      "approved_go_live_at": null
   }
},
{
   "model": "wagtailcore.pagerevision",
   "pk": 35,
   "fields": {
      "page": 20,
      "submitted_for_moderation": false,
      "created_at": "2019-11-27T07:45:14.665Z",
      "user": 1,
      "content_json": "{\"pk\": 20, \"path\": \"0001000100040006\", \"depth\": 4, \"numchild\": 0, \"title\": \"black_kitchen\", \"draft_title\": \"black_kitchen\", \"slug\": \"black_kitchen\", \"content_type\": 39, \"live\": true, \"has_unpublished_changes\": false, \"url_path\": \"/home/projects/black_kitchen/\", \"owner\": 1, \"seo_title\": \"\", \"show_in_menus\": false, \"search_description\": \"\", \"go_live_at\": null, \"expire_at\": null, \"expired\": false, \"locked\": false, \"first_published_at\": null, \"last_published_at\": null, \"latest_revision_created_at\": null, \"live_revision\": null, \"introduction\": \"<p>\\u0427\\u0435\\u0440\\u043d\\u0430\\u044f \\u043a\\u0443\\u0445\\u043d\\u044f</p>\", \"image\": 8, \"subtitle\": \"\\u041a\\u0443\\u0445\\u043d\\u044f 3\"}",
      "approved_go_live_at": null
   }
},
{
   "model": "wagtailcore.pagerevision",
   "pk": 36,
   "fields": {
      "page": 21,
      "submitted_for_moderation": false,
      "created_at": "2019-11-27T07:46:27.392Z",
      "user": 1,
      "content_json": "{\"pk\": 21, \"path\": \"0001000100040007\", \"depth\": 4, \"numchild\": 0, \"title\": \"kitchen4\", \"draft_title\": \"kitchen4\", \"slug\": \"kitchen4\", \"content_type\": 39, \"live\": true, \"has_unpublished_changes\": false, \"url_path\": \"/home/projects/kitchen4/\", \"owner\": 1, \"seo_title\": \"\", \"show_in_menus\": false, \"search_description\": \"\", \"go_live_at\": null, \"expire_at\": null, \"expired\": false, \"locked\": false, \"first_published_at\": null, \"last_published_at\": null, \"latest_revision_created_at\": null, \"live_revision\": null, \"introduction\": \"<p>\\u041a\\u0443\\u0445\\u043d\\u044f</p>\", \"image\": 15, \"subtitle\": \"\\u041a\\u0443\\u0445\\u043d\\u044f 4\"}",
      "approved_go_live_at": null
   }
},
{
   "model": "wagtailcore.pagerevision",
   "pk": 37,
   "fields": {
      "page": 11,
      "submitted_for_moderation": false,
      "created_at": "2019-11-27T08:56:51.726Z",
      "user": 1,
      "content_json": "{\"pk\": 11, \"path\": \"000100010002\", \"depth\": 3, \"numchild\": 0, \"title\": \"\\u041a\\u043e\\u043d\\u0442\\u0430\\u043a\\u0442\\u044b\", \"draft_title\": \"\\u041a\\u043e\\u043d\\u0442\\u0430\\u043a\\u0442\\u044b\", \"slug\": \"contact\", \"content_type\": 34, \"live\": true, \"has_unpublished_changes\": false, \"url_path\": \"/home/contact/\", \"owner\": 1, \"seo_title\": \"\", \"show_in_menus\": false, \"search_description\": \"\", \"go_live_at\": null, \"expire_at\": null, \"expired\": false, \"locked\": false, \"first_published_at\": \"2019-11-17T19:34:04.874Z\", \"last_published_at\": \"2019-11-19T13:35:30.412Z\", \"latest_revision_created_at\": \"2019-11-19T13:35:30.270Z\", \"live_revision\": 26, \"to_address\": \"meleshkodim2000@gmail.com\", \"from_address\": \"admin@meka-furniture.com.ua\", \"subject\": \"\\u041d\\u043e\\u0432\\u0430\\u044f \\u0437\\u0430\\u044f\\u0432\\u043a\\u0430 \\u043d\\u0430 \\u0441\\u0430\\u0439\\u0442\\u0435\", \"thank_you_text\": \"<p>\\u0421\\u043f\\u0430\\u0441\\u0438\\u0431\\u043e</p>\", \"formatted_address\": \"\\u0432\\u0443\\u043b\\u0438\\u0446\\u044f \\u041c\\u0438\\u0445\\u0430\\u0439\\u043b\\u0430 \\u041c\\u0430\\u043a\\u0441\\u0438\\u043c\\u043e\\u0432\\u0438\\u0447\\u0430, 2, \\u041a\\u0438\\u0457\\u0432, \\u0423\\u043a\\u0440\\u0430\\u0438\\u043d\\u0430, 02000\", \"latlng_address\": \"50.394445, 30.481944\", \"form_fields\": [{\"pk\": 1, \"sort_order\": 0, \"label\": \"\\u0412\\u0430\\u0448\\u0435 \\u0438\\u043c\\u044f\", \"field_type\": \"singleline\", \"required\": true, \"choices\": \"\", \"default_value\": \"\", \"help_text\": \"\", \"page\": 11}, {\"pk\": 2, \"sort_order\": 1, \"label\": \"\\u0412\\u0430\\u0448 \\u0442\\u0435\\u043b\\u0435\\u0444\\u043e\\u043d\", \"field_type\": \"singleline\", \"required\": true, \"choices\": \"\", \"default_value\": \"\", \"help_text\": \"\", \"page\": 11}, {\"pk\": 3, \"sort_order\": 2, \"label\": \"\\u0412\\u0430\\u0448 email\", \"field_type\": \"email\", \"required\": true, \"choices\": \"\", \"default_value\": \"\", \"help_text\": \"\", \"page\": 11}, {\"pk\": 4, \"sort_order\": 3, \"label\": \"\\u0421\\u043e\\u043e\\u0431\\u0449\\u0435\\u043d\\u0438\\u0435 \\u0438\\u043b\\u0438 \\u0432\\u043e\\u043f\\u0440\\u043e\\u0441\", \"field_type\": \"multiline\", \"required\": false, \"choices\": \"\", \"default_value\": \"\", \"help_text\": \"\", \"page\": 11}]}",
      "approved_go_live_at": null
   }
},
{
   "model": "wagtailcore.pagerevision",
   "pk": 38,
   "fields": {
      "page": 6,
      "submitted_for_moderation": false,
      "created_at": "2019-11-27T15:09:00.738Z",
      "user": 1,
      "content_json": "{\"pk\": 6, \"path\": \"000100020001\", \"depth\": 3, \"numchild\": 0, \"title\": \"first\", \"draft_title\": \"first\", \"slug\": \"first\", \"content_type\": 31, \"live\": true, \"has_unpublished_changes\": false, \"url_path\": \"/home-page-slides/first/\", \"owner\": 1, \"seo_title\": \"\", \"show_in_menus\": false, \"search_description\": \"\", \"go_live_at\": null, \"expire_at\": null, \"expired\": false, \"locked\": false, \"first_published_at\": \"2019-11-15T15:05:09.289Z\", \"last_published_at\": \"2019-11-15T15:05:09.289Z\", \"latest_revision_created_at\": \"2019-11-15T15:05:09.229Z\", \"live_revision\": 6, \"image\": 1, \"caption_field\": \"\\u041f\\u0440\\u043e\\u0438\\u0437\\u0432\\u043e\\u0434\\u0441\\u0442\\u0432\\u043e \\u043c\\u0435\\u0431\\u0435\\u043b\\u0438 \\u043b\\u044e\\u0431\\u043e\\u0439 \\u0441\\u043b\\u043e\\u0436\\u043d\\u043e\\u0441\\u0442\\u0438 \\u043f\\u043e\\u0434 \\u0437\\u0430\\u043a\\u0430\\u0437\"}",
      "approved_go_live_at": null
   }
},
{
   "model": "wagtailcore.pagerevision",
   "pk": 39,
   "fields": {
      "page": 7,
      "submitted_for_moderation": false,
      "created_at": "2019-11-27T15:10:32.122Z",
      "user": 1,
      "content_json": "{\"pk\": 7, \"path\": \"000100020002\", \"depth\": 3, \"numchild\": 0, \"title\": \"second\", \"draft_title\": \"second\", \"slug\": \"second\", \"content_type\": 31, \"live\": true, \"has_unpublished_changes\": false, \"url_path\": \"/home-page-slides/second/\", \"owner\": 1, \"seo_title\": \"\", \"show_in_menus\": false, \"search_description\": \"\", \"go_live_at\": null, \"expire_at\": null, \"expired\": false, \"locked\": false, \"first_published_at\": \"2019-11-15T15:05:55.355Z\", \"last_published_at\": \"2019-11-15T15:05:55.355Z\", \"latest_revision_created_at\": \"2019-11-15T15:05:55.297Z\", \"live_revision\": 7, \"image\": 2, \"caption_field\": \"C\\u043e\\u0431\\u0441\\u0442\\u0432\\u0435\\u043d\\u043d\\u043e\\u0435 \\u043f\\u0440\\u043e\\u0438\\u0437\\u0432\\u043e\\u0434\\u0441\\u0442\\u0432\\u043e\"}",
      "approved_go_live_at": null
   }
},
{
   "model": "wagtailcore.pagerevision",
   "pk": 40,
   "fields": {
      "page": 8,
      "submitted_for_moderation": false,
      "created_at": "2019-11-27T15:24:16.637Z",
      "user": 1,
      "content_json": "{\"pk\": 8, \"path\": \"000100020003\", \"depth\": 3, \"numchild\": 0, \"title\": \"third\", \"draft_title\": \"third\", \"slug\": \"third\", \"content_type\": 31, \"live\": true, \"has_unpublished_changes\": false, \"url_path\": \"/home-page-slides/third/\", \"owner\": 1, \"seo_title\": \"\", \"show_in_menus\": false, \"search_description\": \"\", \"go_live_at\": null, \"expire_at\": null, \"expired\": false, \"locked\": false, \"first_published_at\": \"2019-11-15T15:06:27.558Z\", \"last_published_at\": \"2019-11-15T15:06:27.558Z\", \"latest_revision_created_at\": \"2019-11-15T15:06:27.497Z\", \"live_revision\": 8, \"image\": 3, \"caption_field\": \"\\u0421\\u043e\\u0432\\u0440\\u0435\\u043c\\u0435\\u043d\\u043d\\u0430\\u044f, \\u043a\\u0430\\u0447\\u0435\\u0441\\u0442\\u0432\\u0435\\u043d\\u043d\\u0430\\u044f \\u0438 \\u043d\\u0435\\u0434\\u043e\\u0440\\u043e\\u0433\\u0430\\u044f \\u043c\\u0435\\u0431\\u0435\\u043b\\u044c\"}",
      "approved_go_live_at": null
   }
},
{
   "model": "wagtailcore.page",
   "pk": 1,
   "fields": {
      "path": "0001",
      "depth": 1,
      "numchild": 2,
      "title": "Root",
      "draft_title": "Root",
      "slug": "root",
      "content_type": 1,
      "live": true,
      "has_unpublished_changes": false,
      "url_path": "/",
      "owner": null,
      "seo_title": "",
      "show_in_menus": false,
      "search_description": "",
      "go_live_at": null,
      "expire_at": null,
      "expired": false,
      "locked": false,
      "first_published_at": null,
      "last_published_at": null,
      "latest_revision_created_at": null,
      "live_revision": null
   }
},
{
   "model": "wagtailcore.page",
   "pk": 3,
   "fields": {
      "path": "00010001",
      "depth": 2,
      "numchild": 4,
      "title": "Home",
      "draft_title": "Home",
      "slug": "home",
      "content_type": 2,
      "live": true,
      "has_unpublished_changes": false,
      "url_path": "/home/",
      "owner": null,
      "seo_title": "some title test",
      "show_in_menus": true,
      "search_description": "some desc for seo test\r\ndsfsf",
      "go_live_at": null,
      "expire_at": null,
      "expired": false,
      "locked": false,
      "first_published_at": "2019-11-15T09:01:42.415Z",
      "last_published_at": "2019-11-17T16:20:10.608Z",
      "latest_revision_created_at": "2019-11-17T16:20:10.538Z",
      "live_revision": 14
   }
},
{
   "model": "wagtailcore.page",
   "pk": 5,
   "fields": {
      "path": "00010002",
      "depth": 2,
      "numchild": 3,
      "title": "Home Page Slides",
      "draft_title": "Home Page Slides",
      "slug": "home-page-slides",
      "content_type": 30,
      "live": true,
      "has_unpublished_changes": false,
      "url_path": "/home-page-slides/",
      "owner": 1,
      "seo_title": "",
      "show_in_menus": false,
      "search_description": "",
      "go_live_at": null,
      "expire_at": null,
      "expired": false,
      "locked": false,
      "first_published_at": "2019-11-15T14:59:17.698Z",
      "last_published_at": "2019-11-15T14:59:17.698Z",
      "latest_revision_created_at": "2019-11-15T14:59:17.641Z",
      "live_revision": 5
   }
},
{
   "model": "wagtailcore.page",
   "pk": 6,
   "fields": {
      "path": "000100020001",
      "depth": 3,
      "numchild": 0,
      "title": "first",
      "draft_title": "first",
      "slug": "first",
      "content_type": 31,
      "live": true,
      "has_unpublished_changes": false,
      "url_path": "/home-page-slides/first/",
      "owner": 1,
      "seo_title": "",
      "show_in_menus": false,
      "search_description": "",
      "go_live_at": null,
      "expire_at": null,
      "expired": false,
      "locked": false,
      "first_published_at": "2019-11-15T15:05:09.289Z",
      "last_published_at": "2019-11-27T15:09:00.901Z",
      "latest_revision_created_at": "2019-11-27T15:09:00.738Z",
      "live_revision": 38
   }
},
{
   "model": "wagtailcore.page",
   "pk": 7,
   "fields": {
      "path": "000100020002",
      "depth": 3,
      "numchild": 0,
      "title": "second",
      "draft_title": "second",
      "slug": "second",
      "content_type": 31,
      "live": true,
      "has_unpublished_changes": false,
      "url_path": "/home-page-slides/second/",
      "owner": 1,
      "seo_title": "",
      "show_in_menus": false,
      "search_description": "",
      "go_live_at": null,
      "expire_at": null,
      "expired": false,
      "locked": false,
      "first_published_at": "2019-11-15T15:05:55.355Z",
      "last_published_at": "2019-11-27T15:10:32.325Z",
      "latest_revision_created_at": "2019-11-27T15:10:32.122Z",
      "live_revision": 39
   }
},
{
   "model": "wagtailcore.page",
   "pk": 8,
   "fields": {
      "path": "000100020003",
      "depth": 3,
      "numchild": 0,
      "title": "third",
      "draft_title": "third",
      "slug": "third",
      "content_type": 31,
      "live": true,
      "has_unpublished_changes": false,
      "url_path": "/home-page-slides/third/",
      "owner": 1,
      "seo_title": "",
      "show_in_menus": false,
      "search_description": "",
      "go_live_at": null,
      "expire_at": null,
      "expired": false,
      "locked": false,
      "first_published_at": "2019-11-15T15:06:27.558Z",
      "last_published_at": "2019-11-27T15:24:16.720Z",
      "latest_revision_created_at": "2019-11-27T15:24:16.637Z",
      "live_revision": 40
   }
},
{
   "model": "wagtailcore.page",
   "pk": 9,
   "fields": {
      "path": "000100010001",
      "depth": 3,
      "numchild": 1,
      "title": "\u041e \u041d\u0430\u0441",
      "draft_title": "\u041e \u041d\u0430\u0441",
      "slug": "about",
      "content_type": 32,
      "live": true,
      "has_unpublished_changes": false,
      "url_path": "/home/about/",
      "owner": 1,
      "seo_title": "",
      "show_in_menus": false,
      "search_description": "",
      "go_live_at": null,
      "expire_at": null,
      "expired": false,
      "locked": false,
      "first_published_at": "2019-11-17T09:33:25.169Z",
      "last_published_at": "2019-11-19T09:17:45.026Z",
      "latest_revision_created_at": "2019-11-19T09:17:44.944Z",
      "live_revision": 22
   }
},
{
   "model": "wagtailcore.page",
   "pk": 10,
   "fields": {
      "path": "0001000100010001",
      "depth": 4,
      "numchild": 0,
      "title": "\u041c\u0435\u0431\u0435\u043b\u044c \u0434\u043b\u044f \u0434\u043e\u043c\u0430",
      "draft_title": "\u041c\u0435\u0431\u0435\u043b\u044c \u0434\u043b\u044f \u0434\u043e\u043c\u0430",
      "slug": "mebel-dlya-doma",
      "content_type": 33,
      "live": true,
      "has_unpublished_changes": false,
      "url_path": "/home/about/mebel-dlya-doma/",
      "owner": 1,
      "seo_title": "",
      "show_in_menus": false,
      "search_description": "",
      "go_live_at": null,
      "expire_at": null,
      "expired": false,
      "locked": false,
      "first_published_at": "2019-11-17T15:19:42.357Z",
      "last_published_at": "2019-11-17T15:19:42.357Z",
      "latest_revision_created_at": "2019-11-17T15:19:42.291Z",
      "live_revision": 12
   }
},
{
   "model": "wagtailcore.page",
   "pk": 11,
   "fields": {
      "path": "000100010002",
      "depth": 3,
      "numchild": 0,
      "title": "\u041a\u043e\u043d\u0442\u0430\u043a\u0442\u044b",
      "draft_title": "\u041a\u043e\u043d\u0442\u0430\u043a\u0442\u044b",
      "slug": "contact",
      "content_type": 34,
      "live": true,
      "has_unpublished_changes": false,
      "url_path": "/home/contact/",
      "owner": 1,
      "seo_title": "",
      "show_in_menus": false,
      "search_description": "",
      "go_live_at": null,
      "expire_at": null,
      "expired": false,
      "locked": false,
      "first_published_at": "2019-11-17T19:34:04.874Z",
      "last_published_at": "2019-11-27T08:56:51.798Z",
      "latest_revision_created_at": "2019-11-27T08:56:51.726Z",
      "live_revision": 37
   }
},
{
   "model": "wagtailcore.page",
   "pk": 12,
   "fields": {
      "path": "000100010003",
      "depth": 3,
      "numchild": 1,
      "title": "\u041d\u043e\u0432\u043e\u0441\u0442\u0438",
      "draft_title": "\u041d\u043e\u0432\u043e\u0441\u0442\u0438",
      "slug": "blog",
      "content_type": 36,
      "live": true,
      "has_unpublished_changes": false,
      "url_path": "/home/blog/",
      "owner": 1,
      "seo_title": "\u041d\u043e\u0432\u043e\u0441\u0442\u0438",
      "show_in_menus": false,
      "search_description": "",
      "go_live_at": null,
      "expire_at": null,
      "expired": false,
      "locked": false,
      "first_published_at": "2019-11-19T10:33:59.076Z",
      "last_published_at": "2019-11-19T10:49:03.063Z",
      "latest_revision_created_at": "2019-11-19T10:49:03.002Z",
      "live_revision": 25
   }
},
{
   "model": "wagtailcore.page",
   "pk": 13,
   "fields": {
      "path": "0001000100030001",
      "depth": 4,
      "numchild": 0,
      "title": "\u0420\u0430\u0437\u043d\u043e\u0432\u0438\u0434\u043d\u043e\u0441\u0442\u0438 \u0414\u0421\u041f",
      "draft_title": "\u0420\u0430\u0437\u043d\u043e\u0432\u0438\u0434\u043d\u043e\u0441\u0442\u0438 \u0414\u0421\u041f",
      "slug": "raznovidnosti-dsp",
      "content_type": 37,
      "live": true,
      "has_unpublished_changes": false,
      "url_path": "/home/blog/raznovidnosti-dsp/",
      "owner": 1,
      "seo_title": "\u0420\u0430\u0437\u043d\u043e\u0432\u0438\u0434\u043d\u043e\u0441\u0442\u0438 \u0414\u0421\u041f",
      "show_in_menus": false,
      "search_description": "",
      "go_live_at": null,
      "expire_at": null,
      "expired": false,
      "locked": false,
      "first_published_at": "2019-11-19T10:41:41.488Z",
      "last_published_at": "2019-11-19T10:41:41.488Z",
      "latest_revision_created_at": "2019-11-19T10:41:41.414Z",
      "live_revision": 24
   }
},
{
   "model": "wagtailcore.page",
   "pk": 14,
   "fields": {
      "path": "000100010004",
      "depth": 3,
      "numchild": 7,
      "title": "\u041d\u0430\u0448\u0438 \u0440\u0430\u0431\u043e\u0442\u044b",
      "draft_title": "\u041d\u0430\u0448\u0438 \u0440\u0430\u0431\u043e\u0442\u044b",
      "slug": "projects",
      "content_type": 38,
      "live": true,
      "has_unpublished_changes": false,
      "url_path": "/home/projects/",
      "owner": 1,
      "seo_title": "",
      "show_in_menus": false,
      "search_description": "",
      "go_live_at": null,
      "expire_at": null,
      "expired": false,
      "locked": false,
      "first_published_at": "2019-11-20T11:57:48.978Z",
      "last_published_at": "2019-11-20T11:58:34.882Z",
      "latest_revision_created_at": "2019-11-20T11:58:34.806Z",
      "live_revision": 29
   }
},
{
   "model": "wagtailcore.page",
   "pk": 15,
   "fields": {
      "path": "0001000100040001",
      "depth": 4,
      "numchild": 0,
      "title": "\u041f\u0440\u0438\u0445\u043e\u0436\u0430\u044f",
      "draft_title": "\u041f\u0440\u0438\u0445\u043e\u0436\u0430\u044f",
      "slug": "prihozhaya",
      "content_type": 39,
      "live": true,
      "has_unpublished_changes": false,
      "url_path": "/home/projects/prihozhaya/",
      "owner": 1,
      "seo_title": "",
      "show_in_menus": false,
      "search_description": "",
      "go_live_at": null,
      "expire_at": null,
      "expired": false,
      "locked": false,
      "first_published_at": "2019-11-20T12:01:18.007Z",
      "last_published_at": "2019-11-20T12:01:18.007Z",
      "latest_revision_created_at": "2019-11-20T12:01:17.945Z",
      "live_revision": 30
   }
},
{
   "model": "wagtailcore.page",
   "pk": 16,
   "fields": {
      "path": "0001000100040002",
      "depth": 4,
      "numchild": 0,
      "title": "\u041f\u0440\u0438\u0445\u043e\u0436\u0430\u044f",
      "draft_title": "\u041f\u0440\u0438\u0445\u043e\u0436\u0430\u044f",
      "slug": "\u043f\u0440\u0438\u0445\u043e\u0436\u0430\u044f",
      "content_type": 39,
      "live": true,
      "has_unpublished_changes": false,
      "url_path": "/home/projects/\u043f\u0440\u0438\u0445\u043e\u0436\u0430\u044f/",
      "owner": 1,
      "seo_title": "",
      "show_in_menus": false,
      "search_description": "",
      "go_live_at": null,
      "expire_at": null,
      "expired": false,
      "locked": false,
      "first_published_at": "2019-11-20T12:26:16.104Z",
      "last_published_at": "2019-11-20T12:26:16.104Z",
      "latest_revision_created_at": "2019-11-20T12:26:16.021Z",
      "live_revision": 31
   }
},
{
   "model": "wagtailcore.page",
   "pk": 17,
   "fields": {
      "path": "0001000100040003",
      "depth": 4,
      "numchild": 0,
      "title": "kitchen1",
      "draft_title": "kitchen1",
      "slug": "kitchen1",
      "content_type": 39,
      "live": true,
      "has_unpublished_changes": false,
      "url_path": "/home/projects/kitchen1/",
      "owner": 1,
      "seo_title": "",
      "show_in_menus": false,
      "search_description": "",
      "go_live_at": null,
      "expire_at": null,
      "expired": false,
      "locked": false,
      "first_published_at": "2019-11-27T07:18:48.863Z",
      "last_published_at": "2019-11-27T07:18:48.863Z",
      "latest_revision_created_at": "2019-11-27T07:18:48.792Z",
      "live_revision": 32
   }
},
{
   "model": "wagtailcore.page",
   "pk": 18,
   "fields": {
      "path": "0001000100040004",
      "depth": 4,
      "numchild": 0,
      "title": "kitchen2",
      "draft_title": "kitchen2",
      "slug": "kitchen2",
      "content_type": 39,
      "live": true,
      "has_unpublished_changes": false,
      "url_path": "/home/projects/kitchen2/",
      "owner": 1,
      "seo_title": "",
      "show_in_menus": false,
      "search_description": "",
      "go_live_at": null,
      "expire_at": null,
      "expired": false,
      "locked": false,
      "first_published_at": "2019-11-27T07:19:51.995Z",
      "last_published_at": "2019-11-27T07:19:51.995Z",
      "latest_revision_created_at": "2019-11-27T07:19:51.924Z",
      "live_revision": 33
   }
},
{
   "model": "wagtailcore.page",
   "pk": 19,
   "fields": {
      "path": "0001000100040005",
      "depth": 4,
      "numchild": 0,
      "title": "room1",
      "draft_title": "room1",
      "slug": "room1",
      "content_type": 39,
      "live": true,
      "has_unpublished_changes": false,
      "url_path": "/home/projects/room1/",
      "owner": 1,
      "seo_title": "",
      "show_in_menus": false,
      "search_description": "",
      "go_live_at": null,
      "expire_at": null,
      "expired": false,
      "locked": false,
      "first_published_at": "2019-11-27T07:44:19.140Z",
      "last_published_at": "2019-11-27T07:44:19.140Z",
      "latest_revision_created_at": "2019-11-27T07:44:19.074Z",
      "live_revision": 34
   }
},
{
   "model": "wagtailcore.page",
   "pk": 20,
   "fields": {
      "path": "0001000100040006",
      "depth": 4,
      "numchild": 0,
      "title": "black_kitchen",
      "draft_title": "black_kitchen",
      "slug": "black_kitchen",
      "content_type": 39,
      "live": true,
      "has_unpublished_changes": false,
      "url_path": "/home/projects/black_kitchen/",
      "owner": 1,
      "seo_title": "",
      "show_in_menus": false,
      "search_description": "",
      "go_live_at": null,
      "expire_at": null,
      "expired": false,
      "locked": false,
      "first_published_at": "2019-11-27T07:45:14.731Z",
      "last_published_at": "2019-11-27T07:45:14.731Z",
      "latest_revision_created_at": "2019-11-27T07:45:14.665Z",
      "live_revision": 35
   }
},
{
   "model": "wagtailcore.page",
   "pk": 21,
   "fields": {
      "path": "0001000100040007",
      "depth": 4,
      "numchild": 0,
      "title": "kitchen4",
      "draft_title": "kitchen4",
      "slug": "kitchen4",
      "content_type": 39,
      "live": true,
      "has_unpublished_changes": false,
      "url_path": "/home/projects/kitchen4/",
      "owner": 1,
      "seo_title": "",
      "show_in_menus": false,
      "search_description": "",
      "go_live_at": null,
      "expire_at": null,
      "expired": false,
      "locked": false,
      "first_published_at": "2019-11-27T07:46:27.453Z",
      "last_published_at": "2019-11-27T07:46:27.453Z",
      "latest_revision_created_at": "2019-11-27T07:46:27.392Z",
      "live_revision": 36
   }
},
{
   "model": "wagtailimages.image",
   "pk": 1,
   "fields": {
      "collection": 1,
      "title": "apartment-architecture-bookcase.jpg",
      "file": "original_images/apartment-architecture-bookcase.jpg",
      "width": 1920,
      "height": 1080,
      "created_at": "2019-11-15T15:05:03.908Z",
      "uploaded_by_user": 1,
      "focal_point_x": null,
      "focal_point_y": null,
      "focal_point_width": null,
      "focal_point_height": null,
      "file_size": 370143,
      "file_hash": "a7f7b56dc7541fe5f5d5bf8670e30d93178ec9ee"
   }
},
{
   "model": "wagtailimages.image",
   "pk": 2,
   "fields": {
      "collection": 1,
      "title": "bookcase-chairs-clean.jpg",
      "file": "original_images/bookcase-chairs-clean.jpg",
      "width": 1920,
      "height": 1328,
      "created_at": "2019-11-15T15:05:48.982Z",
      "uploaded_by_user": 1,
      "focal_point_x": null,
      "focal_point_y": null,
      "focal_point_width": null,
      "focal_point_height": null,
      "file_size": 350788,
      "file_hash": "7859931e705d90bdcf240e1a1a9c050a02874a93"
   }
},
{
   "model": "wagtailimages.image",
   "pk": 3,
   "fields": {
      "collection": 1,
      "title": "chairs-company-coworking.jpg",
      "file": "original_images/chairs-company-coworking.jpg",
      "width": 1920,
      "height": 1271,
      "created_at": "2019-11-15T15:06:21.725Z",
      "uploaded_by_user": 1,
      "focal_point_x": null,
      "focal_point_y": null,
      "focal_point_width": null,
      "focal_point_height": null,
      "file_size": 372745,
      "file_hash": "2a5d7be02a9b676d2cb66e0e1f9e4f45b89747a4"
   }
},
{
   "model": "wagtailimages.image",
   "pk": 4,
   "fields": {
      "collection": 1,
      "title": "meka_logo-head.png",
      "file": "original_images/meka_logo-head.png",
      "width": 170,
      "height": 113,
      "created_at": "2019-11-15T15:36:05.175Z",
      "uploaded_by_user": 1,
      "focal_point_x": null,
      "focal_point_y": null,
      "focal_point_width": null,
      "focal_point_height": null,
      "file_size": 2855,
      "file_hash": "65585f53d2bb966ad6fcc0439faedefdfacbab51"
   }
},
{
   "model": "wagtailimages.image",
   "pk": 5,
   "fields": {
      "collection": 3,
      "title": "stand1.jpg",
      "file": "original_images/stand1.jpg",
      "width": 1280,
      "height": 885,
      "created_at": "2019-11-17T09:33:02.722Z",
      "uploaded_by_user": 1,
      "focal_point_x": null,
      "focal_point_y": null,
      "focal_point_width": null,
      "focal_point_height": null,
      "file_size": 205679,
      "file_hash": "8fd6f63feff7c47197e07758094389a31f45fc97"
   }
},
{
   "model": "wagtailimages.image",
   "pk": 6,
   "fields": {
      "collection": 3,
      "title": "home_furniture1.jpg",
      "file": "original_images/home_furniture1.jpg",
      "width": 6000,
      "height": 4000,
      "created_at": "2019-11-17T15:18:29.144Z",
      "uploaded_by_user": 1,
      "focal_point_x": null,
      "focal_point_y": null,
      "focal_point_width": null,
      "focal_point_height": null,
      "file_size": 5598472,
      "file_hash": "e6e9378e57999ab7db58dd89fa488cc4efaed600"
   }
},
{
   "model": "wagtailimages.image",
   "pk": 7,
   "fields": {
      "collection": 1,
      "title": "about-us1.jpg",
      "file": "original_images/about-us1.jpg",
      "width": 5184,
      "height": 3456,
      "created_at": "2019-11-17T16:17:52.877Z",
      "uploaded_by_user": 1,
      "focal_point_x": null,
      "focal_point_y": null,
      "focal_point_width": null,
      "focal_point_height": null,
      "file_size": 1657681,
      "file_hash": "ab763a175e89fa37560050f38ed5c5dd26ec92c0"
   }
},
{
   "model": "wagtailimages.image",
   "pk": 8,
   "fields": {
      "collection": 2,
      "title": "for-news.jpg",
      "file": "original_images/for-news.jpg",
      "width": 1156,
      "height": 882,
      "created_at": "2019-11-17T16:19:31.595Z",
      "uploaded_by_user": 1,
      "focal_point_x": null,
      "focal_point_y": null,
      "focal_point_width": null,
      "focal_point_height": null,
      "file_size": 145520,
      "file_hash": "32caeedb7241359fd5ae6f263b0f35e8e34428ea"
   }
},
{
   "model": "wagtailimages.image",
   "pk": 9,
   "fields": {
      "collection": 1,
      "title": "testovoe.jpg",
      "file": "original_images/testovoe.jpg",
      "width": 960,
      "height": 588,
      "created_at": "2019-11-19T10:40:48.850Z",
      "uploaded_by_user": 1,
      "focal_point_x": null,
      "focal_point_y": null,
      "focal_point_width": null,
      "focal_point_height": null,
      "file_size": 42600,
      "file_hash": "69efd7c8bb7306ecb9bba83317da5255defa51c8"
   }
},
{
   "model": "wagtailimages.image",
   "pk": 10,
   "fields": {
      "collection": 2,
      "title": "kitchen12.png",
      "file": "original_images/kitchen12.png",
      "width": 1477,
      "height": 1133,
      "created_at": "2019-11-20T12:01:14.023Z",
      "uploaded_by_user": 1,
      "focal_point_x": null,
      "focal_point_y": null,
      "focal_point_width": null,
      "focal_point_height": null,
      "file_size": 1085447,
      "file_hash": "2e887af91aa8d97f556296ee63677739a834cd2c"
   }
},
{
   "model": "wagtailimages.image",
   "pk": 11,
   "fields": {
      "collection": 2,
      "title": "rob",
      "file": "original_images/robota.jpg",
      "width": 807,
      "height": 531,
      "created_at": "2019-11-20T12:26:12.661Z",
      "uploaded_by_user": 1,
      "focal_point_x": null,
      "focal_point_y": null,
      "focal_point_width": null,
      "focal_point_height": null,
      "file_size": 39418,
      "file_hash": "e2b678aaab1949fc43e4de59a8632bd725bd3a46"
   }
},
{
   "model": "wagtailimages.image",
   "pk": 12,
   "fields": {
      "collection": 2,
      "title": "kitchen-2488520_1280.jpg",
      "file": "original_images/kitchen-2488520_1280.jpg",
      "width": 1280,
      "height": 1125,
      "created_at": "2019-11-27T07:18:44.683Z",
      "uploaded_by_user": 1,
      "focal_point_x": null,
      "focal_point_y": null,
      "focal_point_width": null,
      "focal_point_height": null,
      "file_size": 221310,
      "file_hash": "aeb5a56996ccdd8da11412eecdc0687a1fd2a548"
   }
},
{
   "model": "wagtailimages.image",
   "pk": 13,
   "fields": {
      "collection": 2,
      "title": "round-white-wooden-table-and-three-white-chairs-2275294.jpg",
      "file": "original_images/round-white-wooden-table-and-three-white-chairs-2275294.jpg",
      "width": 1280,
      "height": 1599,
      "created_at": "2019-11-27T07:19:25.709Z",
      "uploaded_by_user": 1,
      "focal_point_x": null,
      "focal_point_y": null,
      "focal_point_width": null,
      "focal_point_height": null,
      "file_size": 239458,
      "file_hash": "fb66841ba19b12bac80e74e2fae9e434187106e3"
   }
},
{
   "model": "wagtailimages.image",
   "pk": 14,
   "fields": {
      "collection": 2,
      "title": "home-office-1575464_1280.jpg",
      "file": "original_images/home-office-1575464_1280.jpg",
      "width": 1280,
      "height": 851,
      "created_at": "2019-11-27T07:44:10.262Z",
      "uploaded_by_user": 1,
      "focal_point_x": null,
      "focal_point_y": null,
      "focal_point_width": null,
      "focal_point_height": null,
      "file_size": 105149,
      "file_hash": "a6ce897e4c0028bb6ce008c42faa878fbf1de37d"
   }
},
{
   "model": "wagtailimages.image",
   "pk": 15,
   "fields": {
      "collection": 2,
      "title": "apartment-architecture-cabinet-chairs-273843.jpg",
      "file": "original_images/apartment-architecture-cabinet-chairs-273843.jpg",
      "width": 1280,
      "height": 734,
      "created_at": "2019-11-27T07:46:00.532Z",
      "uploaded_by_user": 1,
      "focal_point_x": null,
      "focal_point_y": null,
      "focal_point_width": null,
      "focal_point_height": null,
      "file_size": 129245,
      "file_hash": "0adedd7a644e50ec0bc6af5b1784960961801afa"
   }
},
{
   "model": "wagtailusers.userprofile",
   "pk": 1,
   "fields": {
      "user": 1,
      "submitted_notifications": true,
      "approved_notifications": true,
      "rejected_notifications": true,
      "preferred_language": "ru",
      "current_time_zone": "",
      "avatar": ""
   }
},
{
   "model": "works.worksindexpage",
   "pk": 14,
   "fields": {
      "introduction": "something",
      "image": null,
      "works_section": 14
   }
},
{
   "model": "works.workpage",
   "pk": 15,
   "fields": {
      "introduction": "<p>\u041e\u043f\u0438\u0441\u0430\u043d\u0438\u0435</p>",
      "image": 10,
      "subtitle": "\u041f\u0440\u0438\u0445\u043e\u0436\u0430\u044f"
   }
},
{
   "model": "works.workpage",
   "pk": 16,
   "fields": {
      "introduction": "<p>\u041e\u043f\u0438\u0441\u0430\u043d\u0438\u0435</p>",
      "image": 11,
      "subtitle": "\u041f\u0440\u0438\u0445\u043e\u0436\u0430\u044f"
   }
},
{
   "model": "works.workpage",
   "pk": 17,
   "fields": {
      "introduction": "<p>\u043d\u0435\u043c\u043d\u043e\u0436\u043a\u043e \u0442\u0435\u043a\u0441\u0442\u0430</p>",
      "image": 12,
      "subtitle": "\u041a\u0443\u0445\u043d\u044f"
   }
},
{
   "model": "works.workpage",
   "pk": 18,
   "fields": {
      "introduction": "<p>\u0432\u0442\u043e\u0440\u0430\u044f \u043a\u0443\u0445\u043d\u044f</p>",
      "image": 13,
      "subtitle": "\u041a\u0443\u0445\u043d\u044f 2"
   }
},
{
   "model": "works.workpage",
   "pk": 19,
   "fields": {
      "introduction": "<p>\u0441\u0442\u043e\u043b</p>",
      "image": 14,
      "subtitle": "\u0421\u0442\u043e\u043b"
   }
},
{
   "model": "works.workpage",
   "pk": 20,
   "fields": {
      "introduction": "<p>\u0427\u0435\u0440\u043d\u0430\u044f \u043a\u0443\u0445\u043d\u044f</p>",
      "image": 8,
      "subtitle": "\u041a\u0443\u0445\u043d\u044f 3"
   }
},
{
   "model": "works.workpage",
   "pk": 21,
   "fields": {
      "introduction": "<p>\u041a\u0443\u0445\u043d\u044f</p>",
      "image": 15,
      "subtitle": "\u041a\u0443\u0445\u043d\u044f 4"
   }
},
{
   "model": "blog.blogindexpage",
   "pk": 12,
   "fields": {
      "introduction": "\u0448\u0448",
      "image": null,
      "news_section": 12
   }
},
{
   "model": "blog.blogpage",
   "pk": 13,
   "fields": {
      "introduction": "<p> </p><p>\u0418\u0437 \u0414\u0421\u041f \u043f\u0440\u043e\u0438\u0437\u0432\u043e\u0434\u0438\u0442\u0441\u044f \u043d\u0435 \u0442\u043e\u043b\u044c\u043a\u043e \u043c\u0435\u0431\u0435\u043b\u044c, \u043d\u043e \u0438 \u043e\u0442\u0434\u0435\u043b\u043e\u0447\u043d\u044b\u0435 \u044d\u043b\u0435\u043c\u0435\u043d\u0442\u044b \u0438\u043d\u0442\u0435\u0440\u044c\u0435\u0440\u0430. \u0415\u0441\u043b\u0438 \u0412\u044b \u043f\u043b\u0430\u043d\u0438\u0440\u0443\u0435\u0442\u0435 \u043f\u043e\u043a\u0443\u043f\u0430\u0442\u044c \u0438\u043b\u0438 \u0437\u0430\u043a\u0430\u0437\u044b\u0432\u0430\u0442\u044c \u043c\u0435\u0431\u0435\u043b\u044c, \u0442\u043e \u0432\u0430\u0436\u043d\u043e \u043f\u043e\u043d\u0438\u043c\u0430\u0442\u044c \u043a\u0430\u043a\u043e\u0439 \u0438\u043c\u0435\u043d\u043d\u043e \u043c\u0430\u0442\u0435\u0440\u0438\u0430\u043b \u043d\u0443\u0436\u0435\u043d \u0438 \u043a\u0430\u043a \u043e\u043f\u0440\u0435\u0434\u0435\u043b\u0438\u0442\u044c \u043a\u0430\u0447\u0435\u0441\u0442\u0432\u0435\u043d\u043d\u044b\u0439 \u043e\u043d \u0438\u043b\u0438 \u043d\u0435\u0442. \u0414\u0430\u0432\u0430\u0439\u0442\u0435 \u0440\u0430\u0437\u0431\u0438\u0440\u0430\u0442\u044c\u0441\u044f))</p><p></p><embed alt=\"testovoe.jpg\" embedtype=\"image\" format=\"fullwidth\" id=\"9\"/><p></p><p>\u0421\u0443\u0449\u0435\u0441\u0442\u0432\u0443\u0435\u0442 \u0434\u0432\u0430 \u043e\u0441\u043d\u043e\u0432\u043d\u044b\u0445 \u0432\u0438\u0434\u0430 \u0414\u0421\u041f:<br/>\ud83d\udd38\u043e\u0431\u044b\u0447\u043d\u0430\u044f<br/>\ud83d\udd39 \u043b\u0430\u043c\u0438\u043d\u0438\u0440\u043e\u0432\u0430\u043d\u043d\u0430\u044f<br/>\u041b\u0430\u043c\u0438\u043d\u0438\u0440\u043e\u0432\u0430\u043d\u043d\u0430\u044f \u0414\u0421\u041f \u043e\u0442\u043b\u0438\u0447\u0430\u0435\u0442\u0441\u044f \u043e\u0442 \u043e\u0431\u044b\u0447\u043d\u043e\u0439 \u043d\u0430\u043b\u0438\u0447\u0438\u0435\u043c \u0434\u0435\u043a\u043e\u0440\u0430\u0442\u0438\u0432\u043d\u043e-\u0437\u0430\u0449\u0438\u0442\u043d\u043e\u0433\u043e \u0441\u043b\u043e\u044f, \u043a\u043e\u0442\u043e\u0440\u044b\u0439 \u044f\u0432\u043b\u044f\u0435\u0442\u0441\u044f \u043e\u0431\u044b\u0447\u043d\u044b\u043c \u043b\u0430\u043c\u0438\u043d\u0430\u0442\u043e\u043c \u2013 \u043f\u043b\u0435\u043d\u043a\u043e\u0439 \u0441 \u0432\u044b\u0441\u043e\u043a\u0438\u043c\u0438 \u044d\u043a\u0441\u043f\u043b\u0443\u0430\u0442\u0430\u0446\u0438\u043e\u043d\u043d\u044b\u043c\u0438 \u0445\u0430\u0440\u0430\u043a\u0442\u0435\u0440\u0438\u0441\u0442\u0438\u043a\u0430\u043c\u0438.</p><p>\u0421\u0443\u0449\u0435\u0441\u0442\u0432\u0443\u0435\u0442 \u0442\u0440\u0438 \u0441\u043e\u0440\u0442\u0430 \u0414\u0421\u041f:<br/>1\ufe0f\u20e3 \u043f\u0435\u0440\u0432\u044b\u0439 \u0441\u043e\u0440\u0442 \u2013 \u043f\u043e\u043b\u043d\u043e\u0441\u0442\u044c\u044e \u0441\u043e\u043e\u0442\u0432\u0435\u0442\u0441\u0442\u0432\u0443\u0435\u0442 \u0441\u0442\u0430\u043d\u0434\u0430\u0440\u0442\u0443, \u0438\u043c\u0435\u0435\u0442 \u043e\u0434\u043d\u043e\u0442\u043e\u043d\u043d\u044b\u0439 \u0446\u0432\u0435\u0442 \u0438 \u0438\u0434\u0435\u0430\u043b\u044c\u043d\u043e\u0435 \u0442\u0435\u0445\u043d\u0438\u0447\u0435\u0441\u043a\u043e\u0435 \u0441\u043e\u0441\u0442\u043e\u044f\u043d\u0438\u0435;<br/>2\ufe0f\u20e3 \u0432\u0442\u043e\u0440\u043e\u0439 \u0441\u043e\u0440\u0442 \u2013 \u043f\u043b\u0438\u0442\u0430 \u0431\u043e\u043b\u0435\u0435 \u0433\u0440\u0443\u0431\u043e\u0439 \u0444\u0430\u043a\u0442\u0443\u0440\u044b, \u043c\u043e\u0433\u0443\u0442 \u0431\u044b\u0442\u044c \u043d\u0435\u0437\u043d\u0430\u0447\u0438\u0442\u0435\u043b\u044c\u043d\u044b\u0435 \u043e\u0442\u0441\u043b\u043e\u0435\u043d\u0438\u044f \u043a\u0440\u0430\u0435\u0432 \u0438 \u0446\u0430\u0440\u0430\u043f\u0438\u043d\u044b;<br/>3\ufe0f\u20e3 \u0442\u0440\u0435\u0442\u0438\u0439 \u0441\u043e\u0440\u0442 \u2013 \u043f\u043b\u0438\u0442\u044b \u0441\u0442\u0440\u043e\u0438\u0442\u0435\u043b\u044c\u043d\u043e\u0433\u043e \u043d\u0430\u0437\u043d\u0430\u0447\u0435\u043d\u0438\u044f.</p><p>\u2757 \u0414\u043b\u044f \u043f\u0440\u043e\u0438\u0437\u0432\u043e\u0434\u0441\u0442\u0432\u0430 \u043c\u0435\u0431\u0435\u043b\u0438 \u0438\u0441\u043f\u043e\u043b\u044c\u0437\u0443\u0435\u0442\u0441\u044f \u0442\u043e\u043b\u044c\u043a\u043e \u0414\u0421\u041f \u043f\u0435\u0440\u0432\u043e\u0433\u043e \u0441\u043e\u0440\u0442\u0430 \u2757 \u043f\u043e\u0441\u043b\u0435 \u0434\u043e\u043f\u043e\u043b\u043d\u0438\u0442\u0435\u043b\u044c\u043d\u043e\u0439 \u043e\u0431\u0440\u0430\u0431\u043e\u0442\u043a\u0438, \u0430 \u043f\u043b\u0438\u0442\u044b \u0432\u0442\u043e\u0440\u043e\u0433\u043e \u0438 \u0442\u0440\u0435\u0442\u044c\u0435\u0433\u043e \u0441\u043e\u0440\u0442\u043e\u0432 \u043f\u0440\u0438\u043c\u0435\u043d\u044f\u044e\u0442 \u0434\u043b\u044f \u0441\u0442\u0440\u043e\u0438\u0442\u0435\u043b\u044c\u043d\u044b\u0445 \u0446\u0435\u043b\u0435\u0439 (\u043e\u0431\u0448\u0438\u0432\u043a\u0438 \u043f\u043e\u0432\u0435\u0440\u0445\u043d\u043e\u0441\u0442\u0435\u0439, \u043f\u043e\u043b\u0430, \u043f\u0435\u0440\u0435\u0433\u043e\u0440\u043e\u0434\u043e\u043a \u0438 \u0442.\u0434.)</p><p>\u041a\u0430\u043a \u043e\u043f\u0440\u0435\u0434\u0435\u043b\u0438\u0442\u044c \u043a\u0430\u0447\u0435\u0441\u0442\u0432\u043e \u0414\u0421\u041f? \u041b\u0435\u0433\u043a\u043e!<br/>\ud83d\udd39 \u043f\u043e\u043d\u044e\u0445\u0430\u0442\u044c (\u043d\u0435 \u0434\u043e\u043b\u0436\u043d\u043e \u0431\u044b\u0442\u044c \u0441\u0438\u043b\u044c\u043d\u043e\u0433\u043e \u0437\u0430\u043f\u0430\u0445\u0430)<br/>\ud83d\udd38 \u0432\u043e\u0442\u043a\u043d\u0443\u0442\u044c \u0432 \u0441\u0440\u0435\u0437 \u043e\u0441\u0442\u0440\u044b\u0439 \u043f\u0440\u0435\u0434\u043c\u0435\u0442 \u2013 \u0435\u0441\u043b\u0438 \u043d\u0435 \u043f\u043e\u043b\u0443\u0447\u0430\u0435\u0442\u0441\u044f \u0438 \u043c\u0430\u0442\u0435\u0440\u0438\u0430\u043b \u0442\u0432\u0435\u0440\u0434\u044b\u0439, \u0437\u043d\u0430\u0447\u0438\u0442 \u043f\u043b\u0438\u0442\u0430 \u043a\u0430\u0447\u0435\u0441\u0442\u0432\u0435\u043d\u043d\u0430\u044f<br/>\ud83d\udd39 \u043f\u0440\u043e\u0432\u0435\u0440\u044c\u0442\u0435 \u0441\u0440\u0435\u0437 \u2013 \u0446\u0432\u0435\u0442 \u0434\u043e\u043b\u0436\u0435\u043d \u0431\u044b\u0442\u044c \u0441\u0432\u0435\u0442\u043b\u044b\u043c (\u0431\u0435\u0437 \u043a\u0440\u0430\u0441\u043d\u043e\u0433\u043e \u0438 \u0441\u0438\u043d\u0435\u0433\u043e \u043e\u0442\u0442\u0435\u043d\u043a\u043e\u0432), \u0445\u043e\u0440\u043e\u0448\u043e \u0435\u0441\u043b\u0438 \u0432 \u0446\u0435\u043d\u0442\u0440\u0435 \u0431\u043e\u043b\u0435\u0435 \u043a\u0440\u0443\u043f\u043d\u044b\u0435 \u043e\u043f\u0438\u043b\u043a\u0438 \u2013 \u0431\u0443\u0434\u0443\u0442 \u0445\u043e\u0440\u043e\u0448\u043e \u0434\u0435\u0440\u0436\u0430\u0442\u044c\u0441\u044f \u0448\u0443\u0440\u0443\u043f\u044b.<br/>\ud83d\udd38 \u043f\u0440\u043e\u0432\u0435\u0440\u0438\u0442\u044c \u0447\u0442\u043e\u0431 \u043f\u043e\u0432\u0435\u0440\u0445\u043d\u043e\u0441\u0442\u044c \u0438 \u043a\u0440\u0430\u044f \u0431\u044b\u043b\u0438 \u0438\u0434\u0435\u0430\u043b\u044c\u043d\u043e \u0440\u043e\u0432\u043d\u044b\u0435.</p><p>\u2705 \u041a\u043e\u043c\u043f\u0430\u043d\u0438\u044f &quot;\u041c\u0435\u043a\u0430 \u041c\u0435\u0431\u0435\u043b\u044c&quot; \u0438\u0441\u043f\u043e\u043b\u044c\u0437\u0443\u0435\u0442 \u0442\u043e\u043b\u044c\u043a\u043e \u043f\u043b\u0438\u0442\u044b \u0432\u044b\u0441\u043e\u0447\u0430\u0439\u0448\u0435\u0433\u043e \u043a\u0430\u0447\u0435\u0441\u0442\u0432\u0430, \u043c\u0435\u0431\u0435\u043b\u044c \u0438\u0437 \u043a\u043e\u0442\u043e\u0440\u044b\u0445 \u0434\u043e\u043b\u0433\u043e\u0435 \u0432\u0440\u0435\u043c\u044f \u0431\u0443\u0434\u0435\u0442 \u0440\u0430\u0434\u043e\u0432\u0430\u0442\u044c \u0412\u0430\u0441 \u0438 \u0412\u0430\u0448\u0438\u0445 \u0431\u043b\u0438\u0437\u043a\u0438\u0445.</p>",
      "image": 9,
      "subtitle": "\u0420\u0410\u0417\u041d\u041e\u0412\u0418\u0414\u041d\u041e\u0421\u0422\u0418 \u0414\u0421\u041f",
      "date_published": "2019-11-19"
   }
},
{
   "model": "home.contactpage",
   "pk": 11,
   "fields": {
      "to_address": "meleshkodim2000@gmail.com",
      "from_address": "admin@meka-furniture.com.ua",
      "subject": "\u041d\u043e\u0432\u0430\u044f \u0437\u0430\u044f\u0432\u043a\u0430 \u043d\u0430 \u0441\u0430\u0439\u0442\u0435",
      "thank_you_text": "<p>\u0421\u043f\u0430\u0441\u0438\u0431\u043e</p>",
      "formatted_address": "\u0432\u0443\u043b\u0438\u0446\u044f \u041c\u0438\u0445\u0430\u0439\u043b\u0430 \u041c\u0430\u043a\u0441\u0438\u043c\u043e\u0432\u0438\u0447\u0430, 2, \u041a\u0438\u0457\u0432, \u0423\u043a\u0440\u0430\u0438\u043d\u0430, 02000",
      "latlng_address": "50.394445, 30.481944"
   }
},
{
   "model": "home.servicepage",
   "pk": 10,
   "fields": {
      "title_field": "\u041c\u0435\u0431\u0435\u043b\u044c \u0434\u043b\u044f \u0434\u043e\u043c\u0430",
      "main_text": "<p> \u041a\u0443\u0445\u043d\u0438, \u0433\u043e\u0441\u0442\u0438\u043d\u044b\u0435 \u0438 \u0441\u043f\u0430\u043b\u044c\u043d\u0438 \u2013 \u044d\u0442\u043e \u0434\u043e\u0440\u043e\u0433\u043e\u0441\u0442\u043e\u044f\u0449\u0438\u0439 \u0442\u043e\u0432\u0430\u0440, \u043a\u043e\u0442\u043e\u0440\u044b\u0439 \u043d\u0435 \u043e\u0442\u043d\u043e\u0441\u0438\u0442\u0441\u044f \u043a \u043f\u0440\u0435\u0434\u043c\u0435\u0442\u0430\u043c \u043f\u0435\u0440\u0432\u043e\u0439 \u0438 \u0434\u0430\u0436\u0435 \u0432\u0442\u043e\u0440\u043e\u0439 \u043d\u0435\u043e\u0431\u0445\u043e\u0434\u0438\u043c\u043e\u0441\u0442\u0438. \u0422\u0430\u043a\u0443\u044e \u043f\u043e\u043a\u0443\u043f\u043a\u0443 \u043d\u0435\u043b\u044c\u0437\u044f \u043e\u0442\u043d\u0435\u0441\u0442\u0438 \u043a \u0447\u0438\u0441\u043b\u0443 \u0438\u043c\u043f\u0443\u043b\u044c\u0441\u0438\u0432\u043d\u044b\u0445, \u043e\u043d\u0430 \u043f\u043b\u0430\u043d\u0438\u0440\u0443\u0435\u0442\u0441\u044f \u0437\u0430\u0440\u0430\u043d\u0435\u0435 \u043f\u043e\u0434 \u0440\u0430\u0437\u043c\u0435\u0440 \u043f\u043e\u043c\u0435\u0449\u0435\u043d\u0438\u044f \u0438 \u0434\u0438\u0437\u0430\u0439\u043d \u0438\u043d\u0442\u0435\u0440\u044c\u0435\u0440\u0430. </p>",
      "image": 6
   }
},
{
   "model": "home.aboutpage",
   "pk": 9,
   "fields": {
      "title_field": "\u0427\u0442\u043e \u043c\u044b \u043f\u0440\u0435\u0434\u043b\u0430\u0433\u0430\u0435\u043c",
      "main_text": "<p></p><p>\u041c\u044b \u043f\u0440\u0435\u0434\u043e\u0441\u0442\u0430\u0432\u043b\u044f\u0435\u043c \u0443\u0441\u043b\u0443\u0433\u0438 \u043f\u043e \u043f\u0440\u043e\u0438\u0437\u0432\u043e\u0434\u0441\u0442\u0432\u0443, \u0434\u043e\u0441\u0442\u0430\u0432\u043a\u0435, \u0438 \u043c\u043e\u043d\u0442\u0430\u0436\u0443 \u043c\u0435\u0431\u0435\u043b\u0438 \u043b\u044e\u0431\u043e\u0439 \u043a\u043e\u043d\u0444\u0438\u0433\u0443\u0440\u0430\u0446\u0438\u0438 \u0438 \u0441\u043b\u043e\u0436\u043d\u043e\u0441\u0442\u0438. \u041f\u043e\u043b\u043d\u043e\u0435 \u0432\u0435\u0434\u0435\u043d\u0438\u0435 \u0438\u043d\u0434\u0438\u0432\u0438\u0434\u0443\u0430\u043b\u044c\u043d\u043e\u0433\u043e \u043f\u0440\u043e\u0435\u043a\u0442\u0430 \u043e\u0442 \u0437\u0430\u043c\u0435\u0440\u0430 \u0434\u043e \u043c\u043e\u043d\u0442\u0430\u0436\u0430.</p><p>\u041e\u0441\u043d\u043e\u0432\u043d\u044b\u0435 \u043d\u0430\u043f\u0440\u0430\u0432\u043b\u0435\u043d\u0438\u044f \u043d\u0430\u0448\u0435\u0439 \u0434\u0435\u044f\u0442\u0435\u043b\u044c\u043d\u043e\u0441\u0442\u0438 \u2013 \u044d\u0442\u043e \u0438\u0437\u0433\u043e\u0442\u043e\u0432\u043b\u0435\u043d\u0438\u0435 \u043c\u0435\u0431\u0435\u043b\u0438 \u0434\u043b\u044f \u0434\u043e\u043c\u0430: \u043a\u0443\u0445\u043d\u0438, \u043f\u0440\u0438\u0445\u043e\u0436\u0438\u0435, \u0441\u043f\u0430\u043b\u044c\u043d\u0438, \u0433\u0430\u0440\u0434\u0435\u0440\u043e\u0431\u043d\u044b\u0435, \u0433\u043e\u0441\u0442\u0438\u043d\u044b\u0435, \u0432\u0430\u043d\u043d\u044b\u0435 \u043a\u043e\u043c\u043d\u0430\u0442\u044b, \u0434\u0435\u0442\u0441\u043a\u0438\u0435. \u0428\u043a\u0430\u0444\u044b-\u043a\u0443\u043f\u0435, \u0441\u0442\u043e\u043b\u0435\u0448\u043d\u0438\u0446\u044b, \u043a\u043e\u043c\u043e\u0434\u044b, \u043a\u0440\u043e\u0432\u0430\u0442\u0438. \u041a\u043e\u043c\u043c\u0435\u0440\u0447\u0435\u0441\u043a\u0430\u044f \u043c\u0435\u0431\u0435\u043b\u044c \u0434\u043b\u044f \u043c\u0430\u0433\u0430\u0437\u0438\u043d\u043e\u0432, \u0440\u0435\u0441\u0442\u043e\u0440\u0430\u043d\u043e\u0432, \u0433\u043e\u0441\u0442\u0438\u043d\u0438\u0446. \u041f\u0440\u043e\u0438\u0437\u0432\u043e\u0434\u0441\u0442\u0432\u043e \u043e\u0444\u0438\u0441\u043d\u043e\u0439 \u043c\u0435\u0431\u0435\u043b\u0438. \u0422\u0430\u043a\u0436\u0435 \u043c\u044b \u0437\u0430\u043d\u0438\u043c\u0430\u0435\u043c\u0441\u044f \u0438\u0437\u0433\u043e\u0442\u043e\u0432\u043b\u0435\u043d\u0438\u0435\u043c \u0441\u0442\u0435\u043d\u043e\u0432\u044b\u0445 \u043f\u0430\u043d\u0435\u043b\u0435\u0439 \u0438 \u0432\u044b\u0441\u0442\u0430\u0432\u043e\u0447\u043d\u044b\u0445 \u0441\u0442\u0435\u043d\u0434\u043e\u0432.</p><p>\u041c\u044b \u043f\u0440\u0435\u0434\u043b\u0430\u0433\u0430\u0435\u043c \u0438\u0441\u043a\u043b\u044e\u0447\u0438\u0442\u0435\u043b\u044c\u043d\u043e \u043a\u0430\u0447\u0435\u0441\u0442\u0432\u0435\u043d\u043d\u043e\u0435 \u043e\u0431\u0441\u043b\u0443\u0436\u0438\u0432\u0430\u043d\u0438\u0435 \u0438 \u0441\u043e\u0432\u0440\u0435\u043c\u0435\u043d\u043d\u044b\u0435 \u0443\u0441\u043b\u0443\u0433\u0438.<br/>\u041f\u0440\u043e\u0444\u0435\u0441\u0441\u0438\u043e\u043d\u0430\u043b\u044c\u043d\u044b\u0439 \u043a\u043e\u043b\u043b\u0435\u043a\u0442\u0438\u0432 \u041c\u0415\u041a\u0410 \u043c\u0435\u0431\u0435\u043b\u044c \u2013 \u0441\u0434\u0435\u043b\u0430\u0435\u0442 \u0434\u043b\u044f \u0432\u0430\u0441 \u043a\u0430\u0447\u0435\u0441\u0442\u0432\u0435\u043d\u043d\u0443\u044e, \u0441\u0442\u0438\u043b\u044c\u043d\u0443\u044e \u0438 \u0443\u0434\u043e\u0431\u043d\u0443\u044e \u043c\u0435\u0431\u0435\u043b\u044c!</p><p></p><embed alt=\"about-us1.jpg\" embedtype=\"image\" format=\"fullwidth\" id=\"7\"/><p></p><p>\u041f\u0440\u043e\u0438\u0437\u0432\u043e\u0434\u0441\u0442\u0432\u043e \u043d\u0430\u0448\u0435\u0439 \u043a\u043e\u043c\u043f\u0430\u043d\u0438\u0438 \u043e\u0441\u043d\u0430\u0449\u0435\u043d\u043e \u0442\u043e\u043b\u044c\u043a\u043e \u0441\u043e\u0432\u0440\u0435\u043c\u0435\u043d\u043d\u044b\u043c \u043d\u0435\u043c\u0435\u0446\u043a\u0438\u043c \u043e\u0431\u043e\u0440\u0443\u0434\u043e\u0432\u0430\u043d\u0438\u0435\u043c.</p><p></p><embed alt=\"for-news.jpg\" embedtype=\"image\" format=\"fullwidth\" id=\"8\"/><p></p><p>\u041f\u0440\u0438 \u0438\u0437\u0433\u043e\u0442\u043e\u0432\u043b\u0435\u043d\u0438\u0438 \u043c\u0435\u0431\u0435\u043b\u0438 \u0438\u0441\u043f\u043e\u043b\u044c\u0437\u0443\u044e\u0442\u0441\u044f \u0442\u043e\u043b\u044c\u043a\u043e \u043b\u0443\u0447\u0448\u0438\u0435 \u043c\u0430\u0442\u0435\u0440\u0438\u0430\u043b\u044b. \u041c\u044b \u0441 \u0440\u0430\u0434\u043e\u0441\u0442\u044c\u044e \u043f\u043e\u043c\u043e\u0436\u0435\u043c \u0432\u0430\u043c \u0441\u043e\u0437\u0434\u0430\u0442\u044c \u043d\u0435\u043f\u043e\u0432\u0442\u043e\u0440\u0438\u043c\u044b\u0439 \u0438\u043d\u0442\u0435\u0440\u044c\u0435\u0440 \u0434\u043b\u044f \u0432\u0430\u0448\u0435\u0433\u043e \u0434\u043e\u043c\u0430, \u043e\u0444\u0438\u0441\u0430, \u043c\u0430\u0433\u0430\u0437\u0438\u043d\u0430.</p>",
      "image": 5,
      "image_text": "<p>\u041d\u0430\u0448\u0430 \u043a\u043e\u043c\u043f\u0430\u043d\u0438\u044f \u0437\u0430\u043d\u0438\u043c\u0430\u0435\u0442\u0441\u044f \u043f\u0440\u043e\u0435\u043a\u0442\u0438\u0440\u043e\u0432\u0430\u043d\u0438\u0435\u043c \u0438 \u0438\u0437\u0433\u043e\u0442\u043e\u0432\u043b\u0435\u043d\u0438\u0435\u043c \u043c\u0435\u0431\u0435\u043b\u0438 \u043f\u043e \u0438\u043d\u0434\u0438\u0432\u0438\u0434\u0443\u0430\u043b\u044c\u043d\u044b\u043c \u0437\u0430\u043a\u0430\u0437\u0430\u043c.</p>",
      "services_section": 9
   }
},
{
   "model": "home.slide",
   "pk": 6,
   "fields": {
      "image": 1,
      "caption_field": "\u041f\u0440\u043e\u0438\u0437\u0432\u043e\u0434\u0441\u0442\u0432\u043e \u043c\u0435\u0431\u0435\u043b\u0438 \u043b\u044e\u0431\u043e\u0439 \u0441\u043b\u043e\u0436\u043d\u043e\u0441\u0442\u0438 \u043f\u043e\u0434 \u0437\u0430\u043a\u0430\u0437"
   }
},
{
   "model": "home.slide",
   "pk": 7,
   "fields": {
      "image": 2,
      "caption_field": "C\u043e\u0431\u0441\u0442\u0432\u0435\u043d\u043d\u043e\u0435 \u043f\u0440\u043e\u0438\u0437\u0432\u043e\u0434\u0441\u0442\u0432\u043e"
   }
},
{
   "model": "home.slide",
   "pk": 8,
   "fields": {
      "image": 3,
      "caption_field": "\u0421\u043e\u0432\u0440\u0435\u043c\u0435\u043d\u043d\u0430\u044f, \u043a\u0430\u0447\u0435\u0441\u0442\u0432\u0435\u043d\u043d\u0430\u044f \u0438 \u043d\u0435\u0434\u043e\u0440\u043e\u0433\u0430\u044f \u043c\u0435\u0431\u0435\u043b\u044c"
   }
},
{
   "model": "home.homepageslides",
   "pk": 5,
   "fields": {}
},
{
   "model": "home.homepage",
   "pk": 3,
   "fields": {
      "some_text": "<p>some</p>",
      "title_field": "some",
      "image_about": 7,
      "image_news": 8,
      "image_works": 2,
      "slideshow_section": 5,
      "slideshow_section_title": null,
      "about_us_link": null
   }
}
]
